graph	variant	theta	seeds	basin_best_1e5	basin_best_1e6	se_basin_best_1e6	best_real_1e6	acc_rate_1e6
random_n124_d5	none	-1.00	8	64.100	63.375	0.691	63.375	0.01057
random_n124_d5	none	-0.90	8	64.825	63.175	0.631	63.175	0.01836
random_n124_d5	none	-0.80	8	62.150	61.625	0.395	61.625	0.01869
random_n124_d5	none	-0.70	8	62.375	61.000	0.407	61.000	0.02497
random_n124_d5	none	-0.60	8	62.175	60.900	0.474	60.900	0.03384
random_n124_d5	none	-0.50	8	61.525	60.400	0.259	60.400	0.05095
random_n124_d5	none	-0.40	8	60.975	60.000	0.000	60.000	0.06900
random_n124_d5	none	-0.30	8	60.250	60.000	0.000	60.000	0.10241
random_n124_d5	none	-0.20	8	60.275	60.000	0.000	60.000	0.15165
random_n124_d5	none	-0.10	8	62.625	60.875	0.398	61.950	0.22025
random_n124_d5	none	0.00	8	63.400	62.400	0.550	65.950	0.30380
random_n124_d5	none	0.10	8	68.400	65.250	0.648	71.975	0.39603
random_n124_d5	none	0.20	8	68.500	67.500	0.681	77.200	0.48965
random_n124_d5	none	0.30	8	70.625	69.500	0.926	84.125	0.57577
random_n124_d5	none	0.40	8	70.975	73.200	1.001	89.350	0.65140
random_n124_d5	none	0.50	8	70.875	71.750	1.031	93.900	0.71574
random_n124_d5	none	0.60	8	73.000	72.725	1.275	98.725	0.76885
random_n124_d5	none	0.70	8	73.125	73.750	1.221	100.450	0.81216
random_n124_d5	none	0.80	8	74.750	72.125	1.172	103.225	0.84791
random_n124_d5	none	0.90	8	73.725	73.150	0.968	104.875	0.87714
random_n124_d5	none	1.00	8	76.875	74.250	0.750	106.725	0.90056
random_n124_d5	none	1.10	8	72.650	72.750	0.861	108.725	0.91995
random_n124_d5	none	1.20	8	71.275	74.525	2.073	110.175	0.93539
random_n124_d5	rk1	-1.00	8	67.400	65.175	1.368	65.175	0.00044
random_n124_d5	rk1	-0.90	8	67.475	64.900	0.855	64.975	0.00068
random_n124_d5	rk1	-0.80	8	66.325	64.350	0.887	64.350	0.00080
random_n124_d5	rk1	-0.70	8	66.125	63.550	0.694	63.625	0.00109
random_n124_d5	rk1	-0.60	8	65.475	62.775	0.850	62.775	0.00140
random_n124_d5	rk1	-0.50	8	66.625	62.400	0.442	62.400	0.00218
random_n124_d5	rk1	-0.40	8	64.875	61.000	0.378	61.000	0.00359
random_n124_d5	rk1	-0.30	8	62.975	60.750	0.313	60.900	0.00702
random_n124_d5	rk1	-0.20	8	62.650	60.625	0.324	61.150	0.01679
random_n124_d5	rk1	-0.10	8	65.375	61.875	0.479	63.600	0.03884
random_n124_d5	rk1	0.00	8	65.225	63.850	0.703	68.025	0.08166
random_n124_d5	rk1	0.10	8	67.600	65.000	0.598	74.325	0.15072
random_n124_d5	rk1	0.20	8	69.125	68.400	0.758	80.700	0.24061
random_n124_d5	rk1	0.30	8	72.625	71.750	0.996	86.275	0.34264
random_n124_d5	rk1	0.40	8	72.375	70.525	0.715	90.675	0.44316
random_n124_d5	rk1	0.50	8	71.500	73.125	1.329	95.525	0.53606
random_n124_d5	rk1	0.60	8	73.875	70.225	1.621	96.925	0.61820
random_n124_d5	rk1	0.70	8	73.250	72.125	1.505	102.300	0.68754
random_n124_d5	rk1	0.80	8	72.725	72.000	1.350	104.400	0.74575
random_n124_d5	rk1	0.90	8	72.625	73.625	1.133	106.100	0.79403
random_n124_d5	rk1	1.00	8	71.850	73.625	0.944	106.325	0.83332
random_n124_d5	rk1	1.10	8	75.750	73.125	1.418	109.125	0.86554
random_n124_d5	rk1	1.20	8	73.875	73.125	0.972	110.200	0.89195
random_n124_d5	rk4	-1.00	8	70.300	68.250	0.810	68.250	0.00019
random_n124_d5	rk4	-0.90	8	66.925	63.600	0.550	63.600	0.00031
random_n124_d5	rk4	-0.80	8	66.250	64.000	0.568	64.000	0.00070
random_n124_d5	rk4	-0.70	8	64.875	63.275	0.577	63.275	0.00181
random_n124_d5	rk4	-0.60	8	62.250	60.900	0.391	60.900	0.00433
random_n124_d5	rk4	-0.50	8	62.125	60.750	0.269	60.750	0.01043
random_n124_d5	rk4	-0.40	8	60.800	60.300	0.156	60.300	0.02171
random_n124_d5	rk4	-0.30	8	60.650	60.000	0.000	60.000	0.04335
random_n124_d5	rk4	-0.20	8	61.025	60.100	0.100	60.275	0.08066
random_n124_d5	rk4	-0.10	8	62.475	61.250	0.412	62.875	0.13878
random_n124_d5	rk4	0.00	8	65.600	62.600	0.704	66.075	0.21586
random_n124_d5	rk4	0.10	8	67.000	65.850	0.824	72.850	0.31042
random_n124_d5	rk4	0.20	8	69.375	67.150	0.983	78.950	0.40945
random_n124_d5	rk4	0.30	8	70.350	70.625	1.068	85.100	0.50508
random_n124_d5	rk4	0.40	8	73.025	70.100	1.196	91.000	0.59025
random_n124_d5	rk4	0.50	8	72.375	73.250	1.264	94.075	0.66424
random_n124_d5	rk4	0.60	8	75.125	72.000	1.964	97.625	0.72624
random_n124_d5	rk4	0.70	8	74.750	73.400	1.408	101.550	0.77808
random_n124_d5	rk4	0.80	8	73.625	74.475	1.782	102.700	0.82006
random_n124_d5	rk4	0.90	8	74.375	73.875	1.913	106.400	0.85479
random_n124_d5	rk4	1.00	8	74.125	74.250	0.796	106.900	0.88277
random_n124_d5	rk4	1.10	8	75.600	76.000	1.402	108.850	0.90537
random_n124_d5	rk4	1.20	8	74.875	74.000	0.964	110.125	0.92402
random_n124_d5	nsm_rho1	-1.00	8	62.200	62.075	0.393	62.075	0.02698
random_n124_d5	nsm_rho1	-0.90	8	62.550	61.175	0.471	61.175	0.02955
random_n124_d5	nsm_rho1	-0.80	8	62.400	62.100	0.490	62.100	0.03568
random_n124_d5	nsm_rho1	-0.70	8	62.975	61.250	0.412	61.250	0.04657
random_n124_d5	nsm_rho1	-0.60	8	62.100	61.300	0.273	61.300	0.05211
random_n124_d5	nsm_rho1	-0.50	8	60.625	60.375	0.183	60.375	0.06584
random_n124_d5	nsm_rho1	-0.40	8	60.625	60.000	0.000	60.000	0.08894
random_n124_d5	nsm_rho1	-0.30	8	60.250	60.000	0.000	60.000	0.12147
random_n124_d5	nsm_rho1	-0.20	8	60.525	60.000	0.000	60.125	0.17211
random_n124_d5	nsm_rho1	-0.10	8	61.775	61.000	0.267	62.525	0.24289
random_n124_d5	nsm_rho1	0.00	8	65.125	64.000	0.829	66.975	0.32585
random_n124_d5	nsm_rho1	0.10	8	66.500	62.925	0.715	71.975	0.41766
random_n124_d5	nsm_rho1	0.20	8	71.000	68.475	1.244	77.875	0.50782
random_n124_d5	nsm_rho1	0.30	8	73.625	68.350	1.613	83.575	0.59115
random_n124_d5	nsm_rho1	0.40	8	72.475	69.625	1.782	90.000	0.66460
random_n124_d5	nsm_rho1	0.50	8	74.450	69.625	0.981	92.375	0.72616
random_n124_d5	nsm_rho1	0.60	8	72.700	72.375	1.209	98.975	0.77730
random_n124_d5	nsm_rho1	0.70	8	71.125	70.250	1.292	101.750	0.81926
random_n124_d5	nsm_rho1	0.80	8	75.225	72.000	1.991	103.100	0.85370
random_n124_d5	nsm_rho1	0.90	8	73.025	73.250	2.328	104.975	0.88153
random_n124_d5	nsm_rho1	1.00	8	75.100	70.875	1.260	107.150	0.90422
random_n124_d5	nsm_rho1	1.10	8	76.250	76.125	1.060	109.125	0.92268
random_n124_d5	nsm_rho1	1.20	8	74.625	74.725	1.527	109.825	0.93779
random_n124_d5	nsm_rho0.5	-1.00	8	64.550	62.675	0.460	62.675	0.02667
random_n124_d5	nsm_rho0.5	-0.90	8	63.375	61.550	0.523	61.550	0.03251
random_n124_d5	nsm_rho0.5	-0.80	8	62.575	61.850	0.432	61.850	0.03801
random_n124_d5	nsm_rho0.5	-0.70	8	61.875	60.775	0.240	60.775	0.04049
random_n124_d5	nsm_rho0.5	-0.60	8	62.500	61.275	0.383	61.275	0.05367
random_n124_d5	nsm_rho0.5	-0.50	8	60.775	60.525	0.181	60.525	0.06496
random_n124_d5	nsm_rho0.5	-0.40	8	60.400	60.025	0.025	60.025	0.08717
random_n124_d5	nsm_rho0.5	-0.30	8	60.250	60.000	0.000	60.000	0.11907
random_n124_d5	nsm_rho0.5	-0.20	8	60.375	60.025	0.025	60.150	0.16878
random_n124_d5	nsm_rho0.5	-0.10	8	62.525	61.625	0.324	62.675	0.23834
random_n124_d5	nsm_rho0.5	0.00	8	65.500	62.875	0.639	66.975	0.32093
random_n124_d5	nsm_rho0.5	0.10	8	67.000	66.875	0.515	73.175	0.41403
random_n124_d5	nsm_rho0.5	0.20	8	66.375	68.125	0.639	77.975	0.50724
random_n124_d5	nsm_rho0.5	0.30	8	69.150	68.100	1.202	84.650	0.59151
random_n124_d5	nsm_rho0.5	0.40	8	72.350	68.475	0.720	90.750	0.66544
random_n124_d5	nsm_rho0.5	0.50	8	73.350	71.350	1.064	95.200	0.72727
random_n124_d5	nsm_rho0.5	0.60	8	71.250	71.850	1.626	98.475	0.77843
random_n124_d5	nsm_rho0.5	0.70	8	71.500	71.150	1.076	101.700	0.82047
random_n124_d5	nsm_rho0.5	0.80	8	72.600	73.125	1.132	104.800	0.85450
random_n124_d5	nsm_rho0.5	0.90	8	74.000	72.000	0.707	106.375	0.88215
random_n124_d5	nsm_rho0.5	1.00	8	75.500	72.750	1.729	106.550	0.90472
random_n124_d5	nsm_rho0.5	1.10	8	76.375	74.125	1.302	109.650	0.92299
random_n124_d5	nsm_rho0.5	1.20	8	73.950	72.450	0.960	110.075	0.93805
random_n124_d5	nsm_erosion	-1.00	8	64.800	63.650	0.794	63.650	0.02444
random_n124_d5	nsm_erosion	-0.90	8	63.875	63.450	0.568	63.450	0.03229
random_n124_d5	nsm_erosion	-0.80	8	63.025	61.425	0.473	61.425	0.03898
random_n124_d5	nsm_erosion	-0.70	8	62.000	61.125	0.350	61.125	0.04056
random_n124_d5	nsm_erosion	-0.60	8	62.025	60.325	0.151	60.325	0.04930
random_n124_d5	nsm_erosion	-0.50	8	61.025	60.400	0.259	60.400	0.06690
random_n124_d5	nsm_erosion	-0.40	8	60.325	60.000	0.000	60.000	0.08485
random_n124_d5	nsm_erosion	-0.30	8	60.125	60.000	0.000	60.000	0.11722
random_n124_d5	nsm_erosion	-0.20	8	60.500	60.000	0.000	60.100	0.16702
random_n124_d5	nsm_erosion	-0.10	8	62.000	61.875	0.295	62.975	0.23377
random_n124_d5	nsm_erosion	0.00	8	64.000	62.500	0.598	66.525	0.31690
random_n124_d5	nsm_erosion	0.10	8	66.650	65.650	1.131	73.700	0.40938
random_n124_d5	nsm_erosion	0.20	8	69.100	67.725	1.221	78.300	0.50093
random_n124_d5	nsm_erosion	0.30	8	70.025	67.125	0.953	84.575	0.58575
random_n124_d5	nsm_erosion	0.40	8	71.350	69.250	1.221	89.250	0.66004
random_n124_d5	nsm_erosion	0.50	8	73.850	71.750	1.264	93.950	0.72294
random_n124_d5	nsm_erosion	0.60	8	75.100	70.625	1.603	98.350	0.77529
random_n124_d5	nsm_erosion	0.70	8	74.000	72.500	2.232	101.925	0.81825
random_n124_d5	nsm_erosion	0.80	8	72.750	71.500	1.222	104.250	0.85312
random_n124_d5	nsm_erosion	0.90	8	72.350	70.750	2.068	106.400	0.88162
random_n124_d5	nsm_erosion	1.00	8	73.625	72.625	2.456	106.925	0.90468
random_n124_d5	nsm_erosion	1.10	8	73.100	74.000	1.035	108.575	0.92327
random_n124_d5	nsm_erosion	1.20	8	72.875	74.375	1.281	111.175	0.93837
random_n124_d5	hk_tau0.5	-1.00	8	63.225	62.725	0.801	62.725	0.01304
random_n124_d5	hk_tau0.5	-0.90	8	63.800	62.650	0.555	62.650	0.01301
random_n124_d5	hk_tau0.5	-0.80	8	62.325	61.475	0.354	61.475	0.02221
random_n124_d5	hk_tau0.5	-0.70	8	61.175	60.675	0.248	60.675	0.02791
random_n124_d5	hk_tau0.5	-0.60	8	60.900	60.300	0.156	60.300	0.03840
random_n124_d5	hk_tau0.5	-0.50	8	60.750	60.250	0.164	60.250	0.05465
random_n124_d5	hk_tau0.5	-0.40	8	60.400	60.000	0.000	60.000	0.07570
random_n124_d5	hk_tau0.5	-0.30	8	60.250	60.000	0.000	60.000	0.11076
random_n124_d5	hk_tau0.5	-0.20	8	60.275	60.025	0.025	60.050	0.16560
random_n124_d5	hk_tau0.5	-0.10	8	63.000	61.000	0.327	62.525	0.24214
random_n124_d5	hk_tau0.5	0.00	8	64.025	65.475	0.577	67.600	0.33697
random_n124_d5	hk_tau0.5	0.10	8	67.600	66.525	0.700	73.775	0.43953
random_n124_d5	hk_tau0.5	0.20	8	69.200	67.900	0.991	81.225	0.53739
random_n124_d5	hk_tau0.5	0.30	8	69.125	72.125	1.608	86.000	0.62342
random_n124_d5	hk_tau0.5	0.40	8	71.000	72.225	1.276	90.950	0.69467
random_n124_d5	hk_tau0.5	0.50	8	72.125	71.375	1.481	96.100	0.75298
random_n124_d5	hk_tau0.5	0.60	8	74.500	74.500	0.906	100.250	0.80048
random_n124_d5	hk_tau0.5	0.70	8	72.250	71.375	1.051	102.350	0.83865
random_n124_d5	hk_tau0.5	0.80	8	73.250	72.000	1.512	104.350	0.86942
random_n124_d5	hk_tau0.5	0.90	8	73.125	72.500	1.763	104.700	0.89422
random_n124_d5	hk_tau0.5	1.00	8	71.875	74.650	1.274	110.075	0.91433
random_n124_d5	hk_tau0.5	1.10	8	71.000	72.125	1.586	109.500	0.93083
random_n124_d5	hk_tau0.5	1.20	8	71.400	72.850	1.159	110.075	0.94389
random_n124_d5	hk_tau2	-1.00	8	62.450	61.725	0.248	61.725	0.01361
random_n124_d5	hk_tau2	-0.90	8	61.625	61.325	0.242	61.425	0.01960
random_n124_d5	hk_tau2	-0.80	8	61.150	60.925	0.136	60.925	0.02641
random_n124_d5	hk_tau2	-0.70	8	60.675	60.350	0.145	60.475	0.04203
random_n124_d5	hk_tau2	-0.60	8	61.400	60.900	0.100	60.900	0.06295
random_n124_d5	hk_tau2	-0.50	8	61.275	60.450	0.164	60.675	0.09041
random_n124_d5	hk_tau2	-0.40	8	61.500	60.900	0.100	60.975	0.12759
random_n124_d5	hk_tau2	-0.30	8	61.875	61.275	0.160	61.500	0.17758
random_n124_d5	hk_tau2	-0.20	8	63.025	61.625	0.324	63.475	0.25178
random_n124_d5	hk_tau2	-0.10	8	65.125	63.400	0.544	68.275	0.36363
random_n124_d5	hk_tau2	0.00	8	66.025	65.625	0.981	75.025	0.48834
random_n124_d5	hk_tau2	0.10	8	69.400	67.625	0.800	82.475	0.59432
random_n124_d5	hk_tau2	0.20	8	68.375	68.900	1.050	89.175	0.67696
random_n124_d5	hk_tau2	0.30	8	72.625	69.650	0.938	95.725	0.74100
random_n124_d5	hk_tau2	0.40	8	70.500	71.875	1.260	98.875	0.79054
random_n124_d5	hk_tau2	0.50	8	75.375	74.375	1.558	102.125	0.82914
random_n124_d5	hk_tau2	0.60	8	73.225	74.825	1.118	104.125	0.86009
random_n124_d5	hk_tau2	0.70	8	72.000	74.125	1.705	105.850	0.88500
random_n124_d5	hk_tau2	0.80	8	74.500	70.875	1.807	108.250	0.90545
random_n124_d5	hk_tau2	0.90	8	74.000	75.000	1.626	110.150	0.92241
random_n124_d5	hk_tau2	1.00	8	75.000	73.725	1.250	110.475	0.93608
random_n124_d5	hk_tau2	1.10	8	74.750	73.625	1.133	111.700	0.94733
random_n124_d5	hk_tau2	1.20	8	74.000	71.875	1.125	111.925	0.95711
random_n124_d5	hk_sched	-1.00	8	62.125	61.000	0.189	61.000	0.01321
random_n124_d5	hk_sched	-0.90	8	62.125	61.000	0.000	61.000	0.01936
random_n124_d5	hk_sched	-0.80	8	62.125	61.025	0.025	61.025	0.02487
random_n124_d5	hk_sched	-0.70	8	61.750	60.500	0.189	60.500	0.03490
random_n124_d5	hk_sched	-0.60	8	62.125	60.150	0.150	60.150	0.04889
random_n124_d5	hk_sched	-0.50	8	62.625	60.000	0.000	60.000	0.06778
random_n124_d5	hk_sched	-0.40	8	64.125	60.100	0.038	60.125	0.09173
random_n124_d5	hk_sched	-0.30	8	64.725	60.000	0.000	60.000	0.13366
random_n124_d5	hk_sched	-0.20	8	65.050	60.025	0.025	60.050	0.19690
random_n124_d5	hk_sched	-0.10	8	67.225	61.775	0.349	62.625	0.27910
random_n124_d5	hk_sched	0.00	8	69.500	63.325	0.490	67.500	0.37185
random_n124_d5	hk_sched	0.10	8	71.250	65.125	1.093	72.775	0.46677
random_n124_d5	hk_sched	0.20	8	72.375	68.125	0.934	80.075	0.55658
random_n124_d5	hk_sched	0.30	8	75.250	68.225	1.422	83.975	0.63529
random_n124_d5	hk_sched	0.40	8	72.850	71.475	1.054	90.700	0.70100
random_n124_d5	hk_sched	0.50	8	72.225	68.875	0.990	93.675	0.75647
random_n124_d5	hk_sched	0.60	8	75.250	72.025	0.737	98.775	0.80187
random_n124_d5	hk_sched	0.70	8	74.500	69.600	0.668	102.675	0.83876
random_n124_d5	hk_sched	0.80	8	72.275	74.350	1.496	104.625	0.86905
random_n124_d5	hk_sched	0.90	8	76.125	71.625	0.905	107.250	0.89381
random_n124_d5	hk_sched	1.00	8	74.225	74.000	2.070	107.650	0.91382
random_n124_d5	hk_sched	1.10	8	73.125	75.850	0.802	109.425	0.93006
random_n124_d5	hk_sched	1.20	8	74.250	72.375	1.647	110.775	0.94339
random_n124_d10	none	-1.00	8	187.950	184.475	1.783	184.475	0.00356
random_n124_d10	none	-0.90	8	188.550	183.175	1.414	183.225	0.00654
random_n124_d10	none	-0.80	8	181.825	179.200	1.569	179.200	0.00597
random_n124_d10	none	-0.70	8	183.200	180.825	1.313	180.825	0.00872
random_n124_d10	none	-0.60	8	179.275	177.475	1.325	177.475	0.01281
random_n124_d10	none	-0.50	8	179.850	177.225	1.186	177.225	0.01832
random_n124_d10	none	-0.40	8	177.375	174.800	0.000	174.800	0.02709
random_n124_d10	none	-0.30	8	175.550	174.800	0.000	174.800	0.04101
random_n124_d10	none	-0.20	8	174.800	174.800	0.000	174.800	0.06518
random_n124_d10	none	-0.10	8	174.800	174.800	0.000	174.800	0.10067
random_n124_d10	none	0.00	8	175.450	175.100	0.196	175.250	0.15834
random_n124_d10	none	0.10	8	176.925	176.125	0.424	178.200	0.24068
random_n124_d10	none	0.20	8	181.125	178.350	0.883	187.050	0.34135
random_n124_d10	none	0.30	8	182.775	182.600	1.932	199.325	0.44474
random_n124_d10	none	0.40	8	188.575	184.950	1.871	208.675	0.54076
random_n124_d10	none	0.50	8	189.375	193.075	1.794	219.725	0.62462
random_n124_d10	none	0.60	8	191.850	192.150	1.816	228.675	0.69563
random_n124_d10	none	0.70	8	192.825	191.575	1.425	234.425	0.75466
random_n124_d10	none	0.80	8	193.875	192.450	1.829	236.100	0.80281
random_n124_d10	none	0.90	8	194.325	196.800	1.371	243.625	0.84179
random_n124_d10	none	1.00	8	194.700	196.950	3.899	248.400	0.87322
random_n124_d10	none	1.10	8	194.775	195.475	2.958	247.275	0.89870
random_n124_d10	none	1.20	8	197.900	193.450	3.485	252.500	0.91915
random_n124_d10	rk1	-1.00	8	188.200	186.275	1.975	186.350	0.00023
random_n124_d10	rk1	-0.90	8	190.800	187.575	2.673	187.825	0.00032
random_n124_d10	rk1	-0.80	8	187.375	185.250	1.725	185.600	0.00033
random_n124_d10	rk1	-0.70	8	188.275	186.425	2.010	186.425	0.00042
random_n124_d10	rk1	-0.60	8	185.475	181.400	1.508	181.400	0.00054
random_n124_d10	rk1	-0.50	8	185.150	181.325	1.049	181.325	0.00080
random_n124_d10	rk1	-0.40	8	185.750	177.825	0.880	177.950	0.00120
random_n124_d10	rk1	-0.30	8	185.550	178.100	1.278	178.175	0.00201
random_n124_d10	rk1	-0.20	8	183.825	176.600	0.834	176.975	0.00385
random_n124_d10	rk1	-0.10	8	180.725	174.800	0.000	175.550	0.00737
random_n124_d10	rk1	0.00	8	179.250	175.525	0.364	177.550	0.01926
random_n124_d10	rk1	0.10	8	179.750	177.175	0.707	181.275	0.04893
random_n124_d10	rk1	0.20	8	183.050	181.700	1.227	193.275	0.10820
random_n124_d10	rk1	0.30	8	186.850	186.725	1.516	200.875	0.19590
random_n124_d10	rk1	0.40	8	189.275	185.650	2.171	211.350	0.29926
random_n124_d10	rk1	0.50	8	194.450	189.325	1.482	222.225	0.40557
random_n124_d10	rk1	0.60	8	194.575	196.275	1.280	230.500	0.50599
random_n124_d10	rk1	0.70	8	196.450	195.350	2.367	235.150	0.59536
random_n124_d10	rk1	0.80	8	193.675	193.325	1.255	239.525	0.67141
random_n124_d10	rk1	0.90	8	193.675	193.825	2.162	243.125	0.73465
random_n124_d10	rk1	1.00	8	189.625	195.400	2.917	247.700	0.78638
random_n124_d10	rk1	1.10	8	194.525	196.600	2.555	248.025	0.82879
random_n124_d10	rk1	1.20	8	192.575	195.925	3.087	251.350	0.86309
random_n124_d10	rk4	-1.00	8	193.875	190.450	2.058	190.450	0.00014
random_n124_d10	rk4	-0.90	8	187.675	185.775	2.773	185.775	0.00018
random_n124_d10	rk4	-0.80	8	187.400	183.725	2.688	183.725	0.00022
random_n124_d10	rk4	-0.70	8	185.975	184.800	1.692	184.800	0.00052
random_n124_d10	rk4	-0.60	8	188.100	181.350	1.027	181.350	0.00106
random_n124_d10	rk4	-0.50	8	180.250	178.650	1.085	178.650	0.00223
random_n124_d10	rk4	-0.40	8	179.700	176.450	1.083	176.450	0.00542
random_n124_d10	rk4	-0.30	8	177.875	175.675	0.875	175.675	0.01276
random_n124_d10	rk4	-0.20	8	175.675	174.800	0.000	174.800	0.02564
random_n124_d10	rk4	-0.10	8	174.950	174.800	0.000	174.800	0.05037
random_n124_d10	rk4	0.00	8	176.275	174.800	0.000	175.425	0.09405
random_n124_d10	rk4	0.10	8	177.825	176.450	0.450	180.650	0.16348
random_n124_d10	rk4	0.20	8	183.600	176.950	0.434	189.925	0.25767
random_n124_d10	rk4	0.30	8	185.650	183.125	1.926	198.950	0.36327
random_n124_d10	rk4	0.40	8	186.625	186.500	2.074	212.350	0.46645
random_n124_d10	rk4	0.50	8	193.525	190.300	1.337	220.300	0.56034
random_n124_d10	rk4	0.60	8	196.200	190.800	2.402	227.700	0.64149
random_n124_d10	rk4	0.70	8	198.100	191.800	1.861	234.650	0.70953
random_n124_d10	rk4	0.80	8	194.600	194.075	2.778	239.150	0.76610
random_n124_d10	rk4	0.90	8	194.600	193.475	3.079	244.275	0.81233
random_n124_d10	rk4	1.00	8	194.875	195.225	1.519	248.050	0.84958
random_n124_d10	rk4	1.10	8	198.300	193.825	3.526	250.225	0.87968
random_n124_d10	rk4	1.20	8	199.325	190.625	2.859	252.625	0.90400
random_n124_d10	nsm_rho1	-1.00	8	182.075	182.075	1.336	182.075	0.02138
random_n124_d10	nsm_rho1	-0.90	8	185.125	182.500	1.766	182.500	0.01935
random_n124_d10	nsm_rho1	-0.80	8	180.875	178.925	1.852	178.925	0.02296
random_n124_d10	nsm_rho1	-0.70	8	179.900	179.025	1.467	179.025	0.02506
random_n124_d10	nsm_rho1	-0.60	8	180.950	178.100	1.258	178.100	0.02660
random_n124_d10	nsm_rho1	-0.50	8	179.975	177.650	1.231	177.650	0.03570
random_n124_d10	nsm_rho1	-0.40	8	179.600	174.800	0.000	174.800	0.04368
random_n124_d10	nsm_rho1	-0.30	8	175.675	174.800	0.000	174.800	0.05789
random_n124_d10	nsm_rho1	-0.20	8	175.175	174.800	0.000	174.800	0.08126
random_n124_d10	nsm_rho1	-0.10	8	174.800	174.800	0.000	174.800	0.11834
random_n124_d10	nsm_rho1	0.00	8	175.300	175.050	0.250	175.750	0.17605
random_n124_d10	nsm_rho1	0.10	8	178.375	176.125	0.424	180.425	0.26102
random_n124_d10	nsm_rho1	0.20	8	180.675	179.325	1.317	189.900	0.35974
random_n124_d10	nsm_rho1	0.30	8	185.300	183.225	0.737	200.025	0.46129
random_n124_d10	nsm_rho1	0.40	8	190.925	184.425	1.241	211.175	0.55548
random_n124_d10	nsm_rho1	0.50	8	192.450	192.800	2.520	221.825	0.63692
random_n124_d10	nsm_rho1	0.60	8	194.675	189.700	2.864	228.600	0.70552
random_n124_d10	nsm_rho1	0.70	8	197.850	197.275	2.413	235.675	0.76231
random_n124_d10	nsm_rho1	0.80	8	192.600	194.475	3.055	241.100	0.80893
random_n124_d10	nsm_rho1	0.90	8	192.750	195.000	2.887	243.350	0.84686
random_n124_d10	nsm_rho1	1.00	8	195.000	198.425	2.078	247.625	0.87734
random_n124_d10	nsm_rho1	1.10	8	194.725	194.775	2.162	251.100	0.90216
random_n124_d10	nsm_rho1	1.20	8	197.725	194.475	2.087	252.375	0.92167
random_n124_d10	nsm_rho0.5	-1.00	8	181.875	181.875	2.180	181.875	0.01900
random_n124_d10	nsm_rho0.5	-0.90	8	183.350	180.950	1.892	180.950	0.02144
random_n124_d10	nsm_rho0.5	-0.80	8	179.900	179.275	1.980	179.275	0.01976
random_n124_d10	nsm_rho0.5	-0.70	8	182.325	182.325	1.000	182.325	0.02345
random_n124_d10	nsm_rho0.5	-0.60	8	183.175	178.825	1.544	178.825	0.03004
random_n124_d10	nsm_rho0.5	-0.50	8	178.875	177.400	1.292	177.400	0.03378
random_n124_d10	nsm_rho0.5	-0.40	8	177.775	174.800	0.000	174.800	0.04322
random_n124_d10	nsm_rho0.5	-0.30	8	175.850	174.800	0.000	174.800	0.05734
random_n124_d10	nsm_rho0.5	-0.20	8	174.950	174.800	0.000	174.800	0.08029
random_n124_d10	nsm_rho0.5	-0.10	8	175.200	174.800	0.000	174.800	0.11601
random_n124_d10	nsm_rho0.5	0.00	8	176.225	174.800	0.000	175.475	0.17303
random_n124_d10	nsm_rho0.5	0.10	8	176.525	176.075	0.636	180.075	0.25543
random_n124_d10	nsm_rho0.5	0.20	8	182.575	178.775	1.385	187.425	0.35587
random_n124_d10	nsm_rho0.5	0.30	8	186.675	182.350	0.927	199.525	0.45833
random_n124_d10	nsm_rho0.5	0.40	8	185.825	187.550	2.491	211.025	0.55366
random_n124_d10	nsm_rho0.5	0.50	8	197.450	186.050	1.464	219.750	0.63593
random_n124_d10	nsm_rho0.5	0.60	8	192.150	191.425	1.663	228.375	0.70532
random_n124_d10	nsm_rho0.5	0.70	8	192.325	190.775	3.334	233.575	0.76249
random_n124_d10	nsm_rho0.5	0.80	8	191.575	193.375	1.987	236.750	0.80938
random_n124_d10	nsm_rho0.5	0.90	8	193.225	189.025	1.977	242.775	0.84719
random_n124_d10	nsm_rho0.5	1.00	8	195.075	193.250	2.242	246.575	0.87754
random_n124_d10	nsm_rho0.5	1.10	8	193.500	195.075	1.238	250.275	0.90210
random_n124_d10	nsm_rho0.5	1.20	8	197.850	192.250	3.191	252.800	0.92174
random_n124_d10	nsm_erosion	-1.00	8	185.575	184.525	1.779	184.525	0.01835
random_n124_d10	nsm_erosion	-0.90	8	184.050	182.850	1.374	182.850	0.02108
random_n124_d10	nsm_erosion	-0.80	8	184.075	182.575	1.642	182.575	0.02174
random_n124_d10	nsm_erosion	-0.70	8	180.200	180.200	1.284	180.200	0.02431
random_n124_d10	nsm_erosion	-0.60	8	182.375	180.225	1.295	180.225	0.02864
random_n124_d10	nsm_erosion	-0.50	8	179.525	177.525	1.375	177.525	0.03321
random_n124_d10	nsm_erosion	-0.40	8	175.075	174.800	0.000	174.800	0.04176
random_n124_d10	nsm_erosion	-0.30	8	175.675	174.800	0.000	174.800	0.05737
random_n124_d10	nsm_erosion	-0.20	8	174.800	174.800	0.000	174.800	0.07931
random_n124_d10	nsm_erosion	-0.10	8	174.950	174.800	0.000	174.800	0.11575
random_n124_d10	nsm_erosion	0.00	8	176.700	174.800	0.000	175.525	0.17011
random_n124_d10	nsm_erosion	0.10	8	177.950	175.650	0.522	179.925	0.25307
random_n124_d10	nsm_erosion	0.20	8	178.375	179.150	1.156	188.625	0.35155
random_n124_d10	nsm_erosion	0.30	8	184.750	181.850	0.966	200.675	0.45337
random_n124_d10	nsm_erosion	0.40	8	187.425	186.975	2.428	210.525	0.54736
random_n124_d10	nsm_erosion	0.50	8	191.450	186.950	2.509	220.650	0.63016
random_n124_d10	nsm_erosion	0.60	8	194.925	191.025	2.439	227.875	0.70025
random_n124_d10	nsm_erosion	0.70	8	190.200	192.225	0.875	234.150	0.75876
random_n124_d10	nsm_erosion	0.80	8	192.725	193.675	2.326	240.250	0.80599
random_n124_d10	nsm_erosion	0.90	8	198.975	195.425	2.045	244.050	0.84464
random_n124_d10	nsm_erosion	1.00	8	195.175	193.200	3.419	246.075	0.87544
random_n124_d10	nsm_erosion	1.10	8	195.975	193.225	2.118	250.075	0.90057
random_n124_d10	nsm_erosion	1.20	8	196.875	199.300	1.673	252.725	0.92068
random_n124_d10	hk_tau0.5	-1.00	8	186.325	185.825	1.841	185.825	0.00423
random_n124_d10	hk_tau0.5	-0.90	8	182.850	181.075	1.149	181.075	0.00659
random_n124_d10	hk_tau0.5	-0.80	8	182.800	180.850	0.936	180.850	0.00530
random_n124_d10	hk_tau0.5	-0.70	8	181.750	179.550	0.829	179.550	0.01072
random_n124_d10	hk_tau0.5	-0.60	8	179.175	177.025	1.460	177.025	0.01358
random_n124_d10	hk_tau0.5	-0.50	8	178.150	174.800	0.000	174.800	0.01837
random_n124_d10	hk_tau0.5	-0.40	8	175.550	174.800	0.000	174.800	0.02978
random_n124_d10	hk_tau0.5	-0.30	8	174.800	174.800	0.000	174.800	0.05070
random_n124_d10	hk_tau0.5	-0.20	8	174.800	174.800	0.000	174.800	0.08166
random_n124_d10	hk_tau0.5	-0.10	8	175.075	174.800	0.000	174.800	0.12886
random_n124_d10	hk_tau0.5	0.00	8	177.025	175.200	0.273	176.175	0.19868
random_n124_d10	hk_tau0.5	0.10	8	179.125	177.550	0.738	181.675	0.29463
random_n124_d10	hk_tau0.5	0.20	8	182.050	179.425	1.098	190.875	0.40695
random_n124_d10	hk_tau0.5	0.30	8	189.675	184.575	1.324	205.000	0.51447
random_n124_d10	hk_tau0.5	0.40	8	193.325	189.700	3.049	215.450	0.60640
random_n124_d10	hk_tau0.5	0.50	8	194.750	186.750	1.525	224.600	0.68281
random_n124_d10	hk_tau0.5	0.60	8	191.200	198.575	1.459	231.975	0.74602
random_n124_d10	hk_tau0.5	0.70	8	195.375	195.350	2.292	238.275	0.79706
random_n124_d10	hk_tau0.5	0.80	8	197.425	191.550	2.807	243.125	0.83749
random_n124_d10	hk_tau0.5	0.90	8	197.325	192.075	2.191	247.800	0.86982
random_n124_d10	hk_tau0.5	1.00	8	196.150	194.450	2.142	247.925	0.89622
random_n124_d10	hk_tau0.5	1.10	8	193.250	195.300	2.441	249.425	0.91707
random_n124_d10	hk_tau0.5	1.20	8	194.875	193.450	3.508	252.075	0.93376
random_n124_d10	hk_tau2	-1.00	8	178.625	177.750	0.459	177.975	0.00693
random_n124_d10	hk_tau2	-0.90	8	179.300	176.875	0.737	176.975	0.01040
random_n124_d10	hk_tau2	-0.80	8	177.900	177.600	0.991	177.600	0.01690
random_n124_d10	hk_tau2	-0.70	8	176.175	175.350	0.360	175.350	0.02696
random_n124_d10	hk_tau2	-0.60	8	176.925	174.800	0.000	174.800	0.04204
random_n124_d10	hk_tau2	-0.50	8	175.775	174.800	0.000	174.800	0.06284
random_n124_d10	hk_tau2	-0.40	8	175.250	174.800	0.000	174.800	0.09346
random_n124_d10	hk_tau2	-0.30	8	176.075	174.800	0.000	175.000	0.13646
random_n124_d10	hk_tau2	-0.20	8	177.675	176.050	0.415	176.975	0.19893
random_n124_d10	hk_tau2	-0.10	8	178.300	177.850	0.835	182.200	0.28742
random_n124_d10	hk_tau2	0.00	8	181.950	179.200	1.092	190.850	0.40950
random_n124_d10	hk_tau2	0.10	8	182.825	182.500	1.860	203.925	0.53597
random_n124_d10	hk_tau2	0.20	8	184.675	190.525	2.462	217.225	0.63771
random_n124_d10	hk_tau2	0.30	8	186.775	187.075	1.582	226.250	0.71399
random_n124_d10	hk_tau2	0.40	8	194.100	193.800	2.597	236.550	0.77271
random_n124_d10	hk_tau2	0.50	8	197.550	194.175	1.114	239.900	0.81828
random_n124_d10	hk_tau2	0.60	8	187.700	192.550	3.159	246.875	0.85401
random_n124_d10	hk_tau2	0.70	8	193.700	198.075	2.056	249.125	0.88219
random_n124_d10	hk_tau2	0.80	8	196.825	200.075	2.558	250.250	0.90496
random_n124_d10	hk_tau2	0.90	8	197.150	192.050	2.558	250.300	0.92332
random_n124_d10	hk_tau2	1.00	8	190.075	197.950	1.630	254.625	0.93804
random_n124_d10	hk_tau2	1.10	8	194.375	194.200	1.943	256.275	0.94990
random_n124_d10	hk_tau2	1.20	8	191.175	197.500	3.969	257.200	0.95966
random_n124_d10	hk_sched	-1.00	8	179.375	177.950	0.884	177.950	0.00825
random_n124_d10	hk_sched	-0.90	8	178.350	176.725	0.275	176.725	0.01313
random_n124_d10	hk_sched	-0.80	8	178.525	177.000	0.000	177.000	0.01868
random_n124_d10	hk_sched	-0.70	8	178.200	176.450	0.360	176.725	0.02424
random_n124_d10	hk_sched	-0.60	8	178.175	174.950	0.150	174.950	0.02931
random_n124_d10	hk_sched	-0.50	8	179.125	174.800	0.000	174.800	0.04048
random_n124_d10	hk_sched	-0.40	8	179.600	174.800	0.000	174.800	0.06011
random_n124_d10	hk_sched	-0.30	8	180.550	174.800	0.000	174.800	0.08986
random_n124_d10	hk_sched	-0.20	8	184.675	174.800	0.000	174.800	0.13105
random_n124_d10	hk_sched	-0.10	8	185.975	174.800	0.000	174.800	0.18385
random_n124_d10	hk_sched	0.00	8	188.850	174.800	0.000	175.175	0.25512
random_n124_d10	hk_sched	0.10	8	190.425	175.975	0.397	179.250	0.34485
random_n124_d10	hk_sched	0.20	8	191.900	178.050	0.920	188.275	0.44380
random_n124_d10	hk_sched	0.30	8	197.650	182.300	1.838	200.375	0.53836
random_n124_d10	hk_sched	0.40	8	197.025	185.325	1.770	211.700	0.62178
random_n124_d10	hk_sched	0.50	8	194.950	191.200	1.385	222.450	0.69314
random_n124_d10	hk_sched	0.60	8	195.550	192.775	1.347	229.525	0.75147
random_n124_d10	hk_sched	0.70	8	195.175	194.700	2.520	237.000	0.80005
random_n124_d10	hk_sched	0.80	8	195.050	196.350	2.897	241.625	0.83927
random_n124_d10	hk_sched	0.90	8	196.625	198.950	3.457	246.550	0.87112
random_n124_d10	hk_sched	1.00	8	197.250	196.950	3.171	246.050	0.89658
random_n124_d10	hk_sched	1.10	8	197.400	195.500	1.872	249.500	0.91714
random_n124_d10	hk_sched	1.20	8	197.950	191.950	2.076	254.725	0.93373
random_n124_d20	none	-1.00	8	455.400	455.050	3.682	455.050	0.00225
random_n124_d20	none	-0.90	8	449.200	448.575	1.057	448.575	0.00261
random_n124_d20	none	-0.80	8	457.600	455.600	2.645	455.600	0.00427
random_n124_d20	none	-0.70	8	462.475	461.525	3.184	461.525	0.00601
random_n124_d20	none	-0.60	8	458.175	453.850	3.487	453.850	0.00804
random_n124_d20	none	-0.50	8	451.975	449.050	1.750	449.050	0.01377
random_n124_d20	none	-0.40	8	449.350	449.075	2.822	449.075	0.01481
random_n124_d20	none	-0.30	8	445.450	444.800	0.000	444.800	0.02169
random_n124_d20	none	-0.20	8	444.800	444.800	0.000	444.800	0.03492
random_n124_d20	none	-0.10	8	444.800	444.800	0.000	444.800	0.05712
random_n124_d20	none	0.00	8	444.800	444.800	0.000	444.800	0.09112
random_n124_d20	none	0.10	8	445.075	444.800	0.000	444.925	0.13739
random_n124_d20	none	0.20	8	446.975	445.875	0.407	446.600	0.20194
random_n124_d20	none	0.30	8	448.900	448.675	0.958	454.250	0.29575
random_n124_d20	none	0.40	8	449.725	452.525	1.562	469.025	0.41044
random_n124_d20	none	0.50	8	459.150	455.575	2.944	486.125	0.51525
random_n124_d20	none	0.60	8	464.500	463.100	3.139	502.675	0.60536
random_n124_d20	none	0.70	8	463.725	466.050	3.238	514.700	0.68143
random_n124_d20	none	0.80	8	474.625	471.125	2.791	528.150	0.74375
random_n124_d20	none	0.90	8	476.050	468.225	3.724	534.225	0.79500
random_n124_d20	none	1.00	8	471.300	466.475	2.619	538.675	0.83643
random_n124_d20	none	1.10	8	471.825	472.775	3.596	545.600	0.86947
random_n124_d20	none	1.20	8	463.650	467.700	6.673	549.250	0.89629
random_n124_d20	rk1	-1.00	8	464.675	461.350	2.649	461.850	0.00023
random_n124_d20	rk1	-0.90	8	466.575	459.450	3.237	459.450	0.00032
random_n124_d20	rk1	-0.80	8	463.950	457.100	4.364	457.250	0.00027
random_n124_d20	rk1	-0.70	8	470.175	463.725	3.519	463.725	0.00036
random_n124_d20	rk1	-0.60	8	465.100	459.600	4.641	459.600	0.00039
random_n124_d20	rk1	-0.50	8	467.100	458.600	3.589	458.600	0.00056
random_n124_d20	rk1	-0.40	8	462.075	453.075	1.778	453.075	0.00072
random_n124_d20	rk1	-0.30	8	455.350	449.875	2.103	449.875	0.00106
random_n124_d20	rk1	-0.20	8	450.550	445.800	0.655	445.850	0.00152
random_n124_d20	rk1	-0.10	8	455.050	446.825	2.025	447.350	0.00297
random_n124_d20	rk1	0.00	8	450.200	444.800	0.000	445.500	0.00601
random_n124_d20	rk1	0.10	8	448.300	446.025	0.479	447.425	0.01399
random_n124_d20	rk1	0.20	8	449.475	447.675	0.990	451.025	0.03285
random_n124_d20	rk1	0.30	8	450.025	447.450	0.798	456.900	0.07805
random_n124_d20	rk1	0.40	8	455.325	451.750	1.894	474.625	0.16383
random_n124_d20	rk1	0.50	8	457.725	454.950	2.151	489.400	0.27029
random_n124_d20	rk1	0.60	8	464.900	460.100	3.154	507.700	0.38040
random_n124_d20	rk1	0.70	8	462.350	461.400	4.862	517.025	0.48502
random_n124_d20	rk1	0.80	8	469.300	472.000	4.306	529.450	0.57829
random_n124_d20	rk1	0.90	8	471.775	475.500	4.204	537.300	0.65834
random_n124_d20	rk1	1.00	8	470.300	472.950	4.286	540.425	0.72552
random_n124_d20	rk1	1.10	8	467.750	467.375	3.258	545.125	0.77987
random_n124_d20	rk1	1.20	8	472.125	472.275	5.622	549.600	0.82431
random_n124_d20	rk4	-1.00	8	462.325	462.325	3.196	462.325	0.00013
random_n124_d20	rk4	-0.90	8	470.800	469.475	3.967	469.475	0.00014
random_n124_d20	rk4	-0.80	8	456.550	455.075	1.601	455.075	0.00016
random_n124_d20	rk4	-0.70	8	464.800	455.775	3.265	456.600	0.00020
random_n124_d20	rk4	-0.60	8	458.425	452.500	1.464	452.500	0.00031
random_n124_d20	rk4	-0.50	8	465.100	454.425	2.445	454.425	0.00078
random_n124_d20	rk4	-0.40	8	454.975	450.075	2.131	450.075	0.00164
random_n124_d20	rk4	-0.30	8	448.450	447.950	2.120	447.950	0.00397
random_n124_d20	rk4	-0.20	8	450.600	446.700	1.900	446.700	0.00975
random_n124_d20	rk4	-0.10	8	446.225	444.800	0.000	444.800	0.02000
random_n124_d20	rk4	0.00	8	444.800	444.800	0.000	444.800	0.04082
random_n124_d20	rk4	0.10	8	445.300	444.800	0.000	445.400	0.07400
random_n124_d20	rk4	0.20	8	447.850	445.800	0.535	449.400	0.12889
random_n124_d20	rk4	0.30	8	449.075	449.075	0.754	457.075	0.21617
random_n124_d20	rk4	0.40	8	455.475	451.750	1.270	468.650	0.32979
random_n124_d20	rk4	0.50	8	458.650	452.750	1.603	486.225	0.43964
random_n124_d20	rk4	0.60	8	465.900	464.600	4.255	505.950	0.53957
random_n124_d20	rk4	0.70	8	465.950	461.675	2.700	519.575	0.62492
random_n124_d20	rk4	0.80	8	469.625	470.650	4.243	526.000	0.69756
random_n124_d20	rk4	0.90	8	468.550	463.500	3.841	531.800	0.75721
random_n124_d20	rk4	1.00	8	472.925	467.725	3.349	541.200	0.80600
random_n124_d20	rk4	1.10	8	480.350	473.000	3.917	547.450	0.84510
random_n124_d20	rk4	1.20	8	471.850	472.325	3.370	549.025	0.87650
random_n124_d20	nsm_rho1	-1.00	8	453.300	453.300	3.796	453.300	0.01727
random_n124_d20	nsm_rho1	-0.90	8	455.375	454.525	3.297	454.525	0.01862
random_n124_d20	nsm_rho1	-0.80	8	453.300	450.625	2.357	450.625	0.01873
random_n124_d20	nsm_rho1	-0.70	8	455.175	449.425	2.397	449.425	0.02170
random_n124_d20	nsm_rho1	-0.60	8	450.775	449.975	2.060	449.975	0.02446
random_n124_d20	nsm_rho1	-0.50	8	453.175	449.700	2.134	449.700	0.02713
random_n124_d20	nsm_rho1	-0.40	8	450.700	446.700	1.900	446.700	0.03208
random_n124_d20	nsm_rho1	-0.30	8	447.200	446.700	1.900	446.700	0.03812
random_n124_d20	nsm_rho1	-0.20	8	448.600	444.800	0.000	444.800	0.05289
random_n124_d20	nsm_rho1	-0.10	8	444.800	444.800	0.000	444.800	0.07316
random_n124_d20	nsm_rho1	0.00	8	444.800	444.800	0.000	444.800	0.10842
random_n124_d20	nsm_rho1	0.10	8	446.025	444.800	0.000	445.500	0.15488
random_n124_d20	nsm_rho1	0.20	8	447.950	446.875	0.775	449.100	0.21980
random_n124_d20	nsm_rho1	0.30	8	451.600	449.450	0.784	455.325	0.31316
random_n124_d20	nsm_rho1	0.40	8	453.275	452.075	1.134	470.625	0.42687
random_n124_d20	nsm_rho1	0.50	8	460.700	454.525	1.343	484.275	0.52915
random_n124_d20	nsm_rho1	0.60	8	461.000	463.750	3.423	503.975	0.61766
random_n124_d20	nsm_rho1	0.70	8	466.800	456.250	2.285	518.525	0.69132
random_n124_d20	nsm_rho1	0.80	8	470.050	463.250	4.578	526.500	0.75175
random_n124_d20	nsm_rho1	0.90	8	474.575	470.425	5.222	535.425	0.80134
random_n124_d20	nsm_rho1	1.00	8	469.275	477.925	1.881	543.675	0.84162
random_n124_d20	nsm_rho1	1.10	8	475.650	471.425	3.548	541.425	0.87368
random_n124_d20	nsm_rho1	1.20	8	468.600	470.325	2.735	551.750	0.89944
random_n124_d20	nsm_rho0.5	-1.00	8	457.100	455.325	3.748	455.325	0.01679
random_n124_d20	nsm_rho0.5	-0.90	8	453.875	452.450	1.817	452.450	0.02069
random_n124_d20	nsm_rho0.5	-0.80	8	457.525	456.050	2.656	456.050	0.02232
random_n124_d20	nsm_rho0.5	-0.70	8	452.925	446.950	0.934	446.950	0.01996
random_n124_d20	nsm_rho0.5	-0.60	8	450.875	448.575	1.881	448.575	0.02261
random_n124_d20	nsm_rho0.5	-0.50	8	451.100	448.575	2.371	448.575	0.02736
random_n124_d20	nsm_rho0.5	-0.40	8	447.200	446.700	1.900	446.700	0.02951
random_n124_d20	nsm_rho0.5	-0.30	8	446.975	446.700	1.900	446.700	0.03761
random_n124_d20	nsm_rho0.5	-0.20	8	446.700	444.800	0.000	444.800	0.05054
random_n124_d20	nsm_rho0.5	-0.10	8	446.800	444.800	0.000	444.800	0.07305
random_n124_d20	nsm_rho0.5	0.00	8	444.800	444.800	0.000	444.800	0.10610
random_n124_d20	nsm_rho0.5	0.10	8	445.350	444.800	0.000	445.225	0.15261
random_n124_d20	nsm_rho0.5	0.20	8	446.350	445.950	0.761	448.825	0.21622
random_n124_d20	nsm_rho0.5	0.30	8	447.850	447.575	0.850	457.675	0.30838
random_n124_d20	nsm_rho0.5	0.40	8	453.325	451.425	1.014	470.875	0.42303
random_n124_d20	nsm_rho0.5	0.50	8	456.275	457.400	2.708	490.800	0.52713
random_n124_d20	nsm_rho0.5	0.60	8	459.625	455.375	2.203	501.725	0.61569
random_n124_d20	nsm_rho0.5	0.70	8	473.500	462.525	4.468	518.825	0.69023
random_n124_d20	nsm_rho0.5	0.80	8	466.700	462.025	3.804	521.875	0.75160
random_n124_d20	nsm_rho0.5	0.90	8	472.725	473.425	3.209	533.200	0.80129
random_n124_d20	nsm_rho0.5	1.00	8	466.825	461.625	3.684	539.100	0.84136
random_n124_d20	nsm_rho0.5	1.10	8	472.600	472.600	5.267	546.975	0.87363
random_n124_d20	nsm_rho0.5	1.20	8	476.650	472.725	2.922	551.675	0.89965
random_n124_d20	nsm_erosion	-1.00	8	457.200	456.525	4.075	456.525	0.01918
random_n124_d20	nsm_erosion	-0.90	8	453.175	452.775	2.821	452.775	0.01723
random_n124_d20	nsm_erosion	-0.80	8	453.625	452.500	2.728	452.500	0.01983
random_n124_d20	nsm_erosion	-0.70	8	454.475	453.775	4.107	453.775	0.02222
random_n124_d20	nsm_erosion	-0.60	8	453.000	449.750	2.090	449.750	0.02402
random_n124_d20	nsm_erosion	-0.50	8	451.825	451.325	2.054	451.325	0.03047
random_n124_d20	nsm_erosion	-0.40	8	449.075	449.075	2.822	449.075	0.03048
random_n124_d20	nsm_erosion	-0.30	8	445.800	444.800	0.000	444.800	0.03747
random_n124_d20	nsm_erosion	-0.20	8	446.700	444.800	0.000	444.800	0.05074
random_n124_d20	nsm_erosion	-0.10	8	444.800	444.800	0.000	444.800	0.07245
random_n124_d20	nsm_erosion	0.00	8	444.800	444.800	0.000	444.800	0.10499
random_n124_d20	nsm_erosion	0.10	8	446.300	444.800	0.000	445.450	0.15208
random_n124_d20	nsm_erosion	0.20	8	447.850	446.250	0.584	449.175	0.21420
random_n124_d20	nsm_erosion	0.30	8	450.875	449.400	0.672	458.275	0.30575
random_n124_d20	nsm_erosion	0.40	8	451.600	448.250	1.504	469.425	0.41738
random_n124_d20	nsm_erosion	0.50	8	459.650	454.125	1.286	486.750	0.52191
random_n124_d20	nsm_erosion	0.60	8	457.200	456.650	1.445	503.875	0.60969
random_n124_d20	nsm_erosion	0.70	8	466.375	461.000	3.461	517.350	0.68502
random_n124_d20	nsm_erosion	0.80	8	462.825	466.275	3.258	528.750	0.74700
random_n124_d20	nsm_erosion	0.90	8	468.475	468.025	4.918	534.100	0.79731
random_n124_d20	nsm_erosion	1.00	8	468.925	469.775	3.602	540.750	0.83805
random_n124_d20	nsm_erosion	1.10	8	461.000	470.775	2.787	545.000	0.87136
random_n124_d20	nsm_erosion	1.20	8	468.925	474.725	3.815	546.375	0.89737
random_n124_d20	hk_tau0.5	-1.00	8	460.075	457.650	3.954	457.650	0.00177
random_n124_d20	hk_tau0.5	-0.90	8	460.325	457.350	3.979	457.350	0.00656
random_n124_d20	hk_tau0.5	-0.80	8	451.700	450.975	3.261	450.975	0.00829
random_n124_d20	hk_tau0.5	-0.70	8	450.625	446.975	1.881	446.975	0.00823
random_n124_d20	hk_tau0.5	-0.60	8	451.200	450.600	2.831	450.600	0.01122
random_n124_d20	hk_tau0.5	-0.50	8	446.050	444.800	0.000	444.800	0.01492
random_n124_d20	hk_tau0.5	-0.40	8	449.950	446.700	1.900	446.700	0.02156
random_n124_d20	hk_tau0.5	-0.30	8	444.800	444.800	0.000	444.800	0.03193
random_n124_d20	hk_tau0.5	-0.20	8	444.800	444.800	0.000	444.800	0.05198
random_n124_d20	hk_tau0.5	-0.10	8	444.800	444.800	0.000	444.800	0.08249
random_n124_d20	hk_tau0.5	0.00	8	444.800	444.800	0.000	444.800	0.12574
random_n124_d20	hk_tau0.5	0.10	8	445.825	445.075	0.275	446.150	0.18316
random_n124_d20	hk_tau0.5	0.20	8	447.075	448.250	0.828	451.975	0.26642
random_n124_d20	hk_tau0.5	0.30	8	450.200	450.125	1.782	464.375	0.38486
random_n124_d20	hk_tau0.5	0.40	8	450.075	455.025	2.057	478.300	0.50109
random_n124_d20	hk_tau0.5	0.50	8	466.350	455.275	2.003	500.900	0.59799
random_n124_d20	hk_tau0.5	0.60	8	461.000	464.500	3.653	513.875	0.67751
random_n124_d20	hk_tau0.5	0.70	8	472.900	465.825	3.611	518.200	0.74222
random_n124_d20	hk_tau0.5	0.80	8	465.925	470.775	4.008	534.350	0.79509
random_n124_d20	hk_tau0.5	0.90	8	465.400	470.900	3.898	542.800	0.83682
random_n124_d20	hk_tau0.5	1.00	8	481.975	474.975	4.038	544.000	0.87043
random_n124_d20	hk_tau0.5	1.10	8	477.400	468.875	3.346	550.825	0.89732
random_n124_d20	hk_tau0.5	1.20	8	471.700	473.625	4.794	551.350	0.91851
random_n124_d20	hk_tau2	-1.00	8	449.800	447.475	2.017	447.475	0.00755
random_n124_d20	hk_tau2	-0.90	8	447.200	444.800	0.000	444.800	0.00870
random_n124_d20	hk_tau2	-0.80	8	448.900	448.900	2.684	448.900	0.01641
random_n124_d20	hk_tau2	-0.70	8	444.800	444.800	0.000	444.800	0.02374
random_n124_d20	hk_tau2	-0.60	8	444.800	444.800	0.000	444.800	0.03780
random_n124_d20	hk_tau2	-0.50	8	444.800	444.800	0.000	444.800	0.05681
random_n124_d20	hk_tau2	-0.40	8	444.800	444.800	0.000	444.800	0.08333
random_n124_d20	hk_tau2	-0.30	8	445.050	444.800	0.000	444.800	0.11978
random_n124_d20	hk_tau2	-0.20	8	445.425	444.800	0.000	445.650	0.16922
random_n124_d20	hk_tau2	-0.10	8	448.375	445.850	0.550	449.950	0.23761
random_n124_d20	hk_tau2	0.00	8	449.600	448.900	1.428	457.450	0.33810
random_n124_d20	hk_tau2	0.10	8	456.150	454.925	1.695	473.325	0.47488
random_n124_d20	hk_tau2	0.20	8	456.900	455.200	2.082	489.750	0.59416
random_n124_d20	hk_tau2	0.30	8	466.175	459.550	2.357	506.400	0.68325
random_n124_d20	hk_tau2	0.40	8	470.725	458.275	3.114	523.225	0.75263
random_n124_d20	hk_tau2	0.50	8	466.875	465.125	4.925	533.075	0.80555
random_n124_d20	hk_tau2	0.60	8	471.100	464.475	5.352	540.250	0.84708
random_n124_d20	hk_tau2	0.70	8	474.850	467.450	4.165	547.450	0.87961
random_n124_d20	hk_tau2	0.80	8	475.500	473.750	4.422	550.550	0.90496
random_n124_d20	hk_tau2	0.90	8	471.750	476.900	2.930	554.900	0.92447
random_n124_d20	hk_tau2	1.00	8	478.100	473.925	2.966	558.375	0.94037
random_n124_d20	hk_tau2	1.10	8	481.425	475.525	3.944	557.425	0.95272
random_n124_d20	hk_tau2	1.20	8	471.200	472.675	4.077	558.000	0.96255
random_n124_d20	hk_sched	-1.00	8	445.075	444.800	0.000	444.800	0.00797
random_n124_d20	hk_sched	-0.90	8	445.075	444.800	0.000	444.800	0.01083
random_n124_d20	hk_sched	-0.80	8	445.325	444.800	0.000	444.800	0.01474
random_n124_d20	hk_sched	-0.70	8	446.750	444.800	0.000	444.800	0.02032
random_n124_d20	hk_sched	-0.60	8	446.150	444.800	0.000	444.800	0.02829
random_n124_d20	hk_sched	-0.50	8	448.575	444.800	0.000	444.800	0.03952
random_n124_d20	hk_sched	-0.40	8	451.775	444.800	0.000	444.800	0.05644
random_n124_d20	hk_sched	-0.30	8	452.600	444.800	0.000	444.800	0.08167
random_n124_d20	hk_sched	-0.20	8	454.900	444.800	0.000	444.800	0.11319
random_n124_d20	hk_sched	-0.10	8	457.150	444.800	0.000	444.800	0.15089
random_n124_d20	hk_sched	0.00	8	463.500	444.800	0.000	444.800	0.19795
random_n124_d20	hk_sched	0.10	8	470.875	444.800	0.000	445.100	0.25965
random_n124_d20	hk_sched	0.20	8	470.025	445.825	0.542	448.450	0.33464
random_n124_d20	hk_sched	0.30	8	469.225	448.800	1.115	455.450	0.42955
random_n124_d20	hk_sched	0.40	8	475.050	452.600	1.445	470.400	0.53080
random_n124_d20	hk_sched	0.50	8	472.525	459.375	2.543	490.800	0.61768
random_n124_d20	hk_sched	0.60	8	475.625	464.425	3.998	506.600	0.69108
random_n124_d20	hk_sched	0.70	8	476.425	466.500	4.262	521.675	0.75188
random_n124_d20	hk_sched	0.80	8	473.775	463.950	2.460	525.950	0.80131
random_n124_d20	hk_sched	0.90	8	481.575	465.900	4.503	536.150	0.84151
random_n124_d20	hk_sched	1.00	8	475.150	474.950	2.399	545.000	0.87370
random_n124_d20	hk_sched	1.10	8	474.675	471.250	3.467	548.875	0.89960
random_n124_d20	hk_sched	1.20	8	461.325	468.900	4.929	551.925	0.92031
random_n250_d5	none	-1.00	8	129.250	125.275	1.129	125.275	0.00575
random_n250_d5	none	-0.90	8	125.000	121.900	1.908	121.900	0.01139
random_n250_d5	none	-0.80	8	124.375	122.275	1.201	122.275	0.01480
random_n250_d5	none	-0.70	8	125.525	122.125	1.800	122.125	0.01962
random_n250_d5	none	-0.60	8	120.825	117.525	0.744	117.525	0.02885
random_n250_d5	none	-0.50	8	121.325	115.875	0.037	115.875	0.04148
random_n250_d5	none	-0.40	8	120.200	116.625	0.498	116.675	0.06252
random_n250_d5	none	-0.30	8	117.450	116.250	0.164	116.875	0.09089
random_n250_d5	none	-0.20	8	117.925	117.000	0.256	119.875	0.13321
random_n250_d5	none	-0.10	8	121.975	119.375	0.800	125.550	0.19199
random_n250_d5	none	0.00	8	122.925	121.025	1.190	135.225	0.27022
random_n250_d5	none	0.10	8	131.150	130.250	1.386	153.275	0.36786
random_n250_d5	none	0.20	8	136.500	135.375	2.017	171.475	0.46767
random_n250_d5	none	0.30	8	143.875	141.500	1.832	190.050	0.55801
random_n250_d5	none	0.40	8	144.500	143.875	2.371	203.975	0.63602
random_n250_d5	none	0.50	8	151.125	146.000	2.790	218.125	0.70213
random_n250_d5	none	0.60	8	151.875	150.375	1.772	228.200	0.75659
random_n250_d5	none	0.70	8	151.375	146.600	2.293	235.275	0.80127
random_n250_d5	none	0.80	8	155.875	147.875	1.968	240.250	0.83765
random_n250_d5	none	0.90	8	153.125	151.975	2.398	244.475	0.86764
random_n250_d5	none	1.00	8	154.875	153.875	2.900	249.700	0.89186
random_n250_d5	none	1.10	8	156.750	152.600	3.602	251.550	0.91161
random_n250_d5	none	1.20	8	156.500	155.000	4.807	253.875	0.92775
random_n250_d5	rk1	-1.00	8	149.500	138.000	2.598	138.300	0.00039
random_n250_d5	rk1	-0.90	8	149.625	139.225	2.130	139.600	0.00047
random_n250_d5	rk1	-0.80	8	139.725	130.475	1.884	130.800	0.00052
random_n250_d5	rk1	-0.70	8	138.025	129.400	2.633	129.475	0.00064
random_n250_d5	rk1	-0.60	8	145.375	128.150	1.988	128.650	0.00101
random_n250_d5	rk1	-0.50	8	136.350	121.725	1.097	122.025	0.00152
random_n250_d5	rk1	-0.40	8	136.400	124.075	1.436	124.500	0.00270
random_n250_d5	rk1	-0.30	8	128.875	120.500	1.035	121.975	0.00544
random_n250_d5	rk1	-0.20	8	127.575	120.100	0.843	123.775	0.01162
random_n250_d5	rk1	-0.10	8	126.375	121.225	0.464	130.125	0.02652
random_n250_d5	rk1	0.00	8	125.100	122.475	1.104	140.500	0.05902
random_n250_d5	rk1	0.10	8	133.875	131.725	1.002	156.575	0.12200
random_n250_d5	rk1	0.20	8	137.625	132.500	2.457	174.375	0.21240
random_n250_d5	rk1	0.30	8	143.000	142.000	2.500	188.650	0.31413
random_n250_d5	rk1	0.40	8	148.750	145.250	2.711	207.400	0.41718
random_n250_d5	rk1	0.50	8	152.875	146.250	2.389	218.250	0.51173
random_n250_d5	rk1	0.60	8	147.850	149.375	1.936	229.125	0.59598
random_n250_d5	rk1	0.70	8	156.625	155.625	3.433	235.600	0.66746
random_n250_d5	rk1	0.80	8	152.225	155.000	1.118	238.875	0.72728
random_n250_d5	rk1	0.90	8	151.250	153.150	3.377	245.825	0.77752
random_n250_d5	rk1	1.00	8	157.500	153.500	1.134	249.750	0.81764
random_n250_d5	rk1	1.10	8	153.225	154.125	2.837	253.975	0.85164
random_n250_d5	rk1	1.20	8	155.625	154.625	2.464	256.275	0.87889
random_n250_d5	rk4	-1.00	8	142.250	136.775	2.945	136.900	0.00030
random_n250_d5	rk4	-0.90	8	138.525	135.275	1.651	135.375	0.00040
random_n250_d5	rk4	-0.80	8	135.350	128.025	1.924	128.100	0.00071
random_n250_d5	rk4	-0.70	8	132.500	126.500	2.353	126.500	0.00156
random_n250_d5	rk4	-0.60	8	131.125	121.825	0.904	121.825	0.00355
random_n250_d5	rk4	-0.50	8	126.250	118.675	1.101	118.675	0.00774
random_n250_d5	rk4	-0.40	8	125.250	118.375	0.706	118.650	0.01642
random_n250_d5	rk4	-0.30	8	119.725	117.250	0.223	117.875	0.03258
random_n250_d5	rk4	-0.20	8	119.625	117.925	0.334	120.275	0.06106
random_n250_d5	rk4	-0.10	8	120.600	121.000	0.756	127.075	0.10697
random_n250_d5	rk4	0.00	8	128.375	124.375	1.017	136.900	0.17643
random_n250_d5	rk4	0.10	8	131.900	126.125	0.880	152.700	0.27177
random_n250_d5	rk4	0.20	8	139.500	132.600	1.607	174.600	0.37729
random_n250_d5	rk4	0.30	8	146.750	139.625	1.899	190.925	0.47704
random_n250_d5	rk4	0.40	8	153.250	150.250	1.916	207.175	0.56623
random_n250_d5	rk4	0.50	8	152.250	146.750	2.932	216.750	0.64316
random_n250_d5	rk4	0.60	8	149.625	151.125	3.265	227.550	0.70807
random_n250_d5	rk4	0.70	8	156.125	146.125	2.482	234.800	0.76122
random_n250_d5	rk4	0.80	8	148.750	152.000	3.273	241.500	0.80562
random_n250_d5	rk4	0.90	8	153.750	149.750	3.331	243.075	0.84153
random_n250_d5	rk4	1.00	8	158.750	156.750	3.189	250.300	0.87100
random_n250_d5	rk4	1.10	8	150.975	158.375	3.570	255.000	0.89470
random_n250_d5	rk4	1.20	8	150.100	149.875	3.215	254.900	0.91422
random_n250_d5	nsm_rho1	-1.00	8	128.050	124.700	0.862	124.700	0.01363
random_n250_d5	nsm_rho1	-0.90	8	132.025	121.525	1.944	121.525	0.01683
random_n250_d5	nsm_rho1	-0.80	8	125.150	121.225	1.376	121.225	0.02210
random_n250_d5	nsm_rho1	-0.70	8	121.325	118.825	1.015	118.825	0.02929
random_n250_d5	nsm_rho1	-0.60	8	121.500	118.375	1.095	118.375	0.03875
random_n250_d5	nsm_rho1	-0.50	8	119.025	116.175	0.234	116.175	0.05201
random_n250_d5	nsm_rho1	-0.40	8	118.525	116.375	0.183	116.625	0.07206
random_n250_d5	nsm_rho1	-0.30	8	118.475	116.675	0.312	117.650	0.10244
random_n250_d5	nsm_rho1	-0.20	8	119.950	117.625	0.375	120.200	0.14476
random_n250_d5	nsm_rho1	-0.10	8	121.250	120.350	0.456	126.975	0.20478
random_n250_d5	nsm_rho1	0.00	8	124.600	122.725	1.470	138.075	0.28321
random_n250_d5	nsm_rho1	0.10	8	130.100	129.875	0.811	153.675	0.38116
random_n250_d5	nsm_rho1	0.20	8	137.500	134.150	2.463	173.825	0.47843
random_n250_d5	nsm_rho1	0.30	8	143.625	140.450	3.279	192.300	0.56766
random_n250_d5	nsm_rho1	0.40	8	150.500	147.000	2.478	207.075	0.64435
random_n250_d5	nsm_rho1	0.50	8	148.100	153.125	2.615	218.300	0.70892
random_n250_d5	nsm_rho1	0.60	8	151.950	154.600	2.929	228.800	0.76189
random_n250_d5	nsm_rho1	0.70	8	150.250	148.600	3.402	234.325	0.80568
random_n250_d5	nsm_rho1	0.80	8	153.000	150.250	3.239	240.800	0.84130
random_n250_d5	nsm_rho1	0.90	8	155.000	154.225	2.857	247.050	0.87042
random_n250_d5	nsm_rho1	1.00	8	154.650	151.900	4.166	247.300	0.89393
random_n250_d5	nsm_rho1	1.10	8	153.625	156.000	2.659	252.400	0.91337
random_n250_d5	nsm_rho1	1.20	8	152.250	152.625	2.692	256.525	0.92929
random_n250_d5	nsm_rho0.5	-1.00	8	133.075	130.175	1.971	130.175	0.01446
random_n250_d5	nsm_rho0.5	-0.90	8	129.750	124.175	1.504	124.175	0.01814
random_n250_d5	nsm_rho0.5	-0.80	8	129.625	123.900	2.174	123.900	0.02347
random_n250_d5	nsm_rho0.5	-0.70	8	126.000	119.825	1.249	119.825	0.02908
random_n250_d5	nsm_rho0.5	-0.60	8	122.875	118.875	0.852	118.900	0.03857
random_n250_d5	nsm_rho0.5	-0.50	8	121.925	118.575	1.087	118.600	0.05142
random_n250_d5	nsm_rho0.5	-0.40	8	119.375	116.275	0.181	116.475	0.07112
random_n250_d5	nsm_rho0.5	-0.30	8	119.575	116.500	0.189	117.275	0.10016
random_n250_d5	nsm_rho0.5	-0.20	8	120.625	117.750	0.366	121.025	0.14234
random_n250_d5	nsm_rho0.5	-0.10	8	120.350	119.275	0.768	126.525	0.20126
random_n250_d5	nsm_rho0.5	0.00	8	126.075	123.175	0.990	137.525	0.28079
random_n250_d5	nsm_rho0.5	0.10	8	129.875	127.575	2.086	155.625	0.37881
random_n250_d5	nsm_rho0.5	0.20	8	134.150	134.100	2.201	174.650	0.47905
random_n250_d5	nsm_rho0.5	0.30	8	141.500	141.850	2.811	190.775	0.56865
random_n250_d5	nsm_rho0.5	0.40	8	145.600	146.600	2.916	205.300	0.64598
random_n250_d5	nsm_rho0.5	0.50	8	151.750	149.625	2.927	219.400	0.71036
random_n250_d5	nsm_rho0.5	0.60	8	152.000	152.000	1.773	227.525	0.76345
random_n250_d5	nsm_rho0.5	0.70	8	151.750	150.625	2.872	235.500	0.80691
random_n250_d5	nsm_rho0.5	0.80	8	149.625	151.375	3.453	241.825	0.84236
random_n250_d5	nsm_rho0.5	0.90	8	155.900	151.125	2.560	247.850	0.87121
random_n250_d5	nsm_rho0.5	1.00	8	150.250	149.750	3.411	251.025	0.89479
random_n250_d5	nsm_rho0.5	1.10	8	154.475	155.375	3.798	252.425	0.91378
random_n250_d5	nsm_rho0.5	1.20	8	154.375	151.375	2.751	256.050	0.92938
random_n250_d5	nsm_erosion	-1.00	8	125.925	121.525	2.558	121.525	0.01319
random_n250_d5	nsm_erosion	-0.90	8	127.250	124.650	1.950	124.650	0.01789
random_n250_d5	nsm_erosion	-0.80	8	129.250	122.525	1.987	122.525	0.02400
random_n250_d5	nsm_erosion	-0.70	8	124.025	120.750	1.503	120.750	0.02849
random_n250_d5	nsm_erosion	-0.60	8	122.150	117.600	0.861	117.600	0.03700
random_n250_d5	nsm_erosion	-0.50	8	120.250	117.325	0.760	117.400	0.05164
random_n250_d5	nsm_erosion	-0.40	8	120.600	116.600	0.426	116.775	0.07117
random_n250_d5	nsm_erosion	-0.30	8	118.375	116.750	0.250	117.575	0.09868
random_n250_d5	nsm_erosion	-0.20	8	118.600	117.000	0.267	120.700	0.14061
random_n250_d5	nsm_erosion	-0.10	8	120.500	120.750	0.901	127.400	0.19921
random_n250_d5	nsm_erosion	0.00	8	125.750	124.375	1.017	137.575	0.27817
random_n250_d5	nsm_erosion	0.10	8	130.625	127.625	1.322	152.950	0.37499
random_n250_d5	nsm_erosion	0.20	8	138.250	134.475	1.750	174.750	0.47531
random_n250_d5	nsm_erosion	0.30	8	142.000	139.125	2.715	191.700	0.56456
random_n250_d5	nsm_erosion	0.40	8	150.625	145.500	2.044	205.100	0.64273
random_n250_d5	nsm_erosion	0.50	8	149.875	145.850	2.330	216.225	0.70780
random_n250_d5	nsm_erosion	0.60	8	153.375	151.500	2.903	225.200	0.76229
random_n250_d5	nsm_erosion	0.70	8	153.375	153.625	2.236	234.375	0.80649
random_n250_d5	nsm_erosion	0.80	8	152.750	154.625	2.751	240.650	0.84252
random_n250_d5	nsm_erosion	0.90	8	158.875	151.750	2.756	245.600	0.87188
random_n250_d5	nsm_erosion	1.00	8	153.750	153.250	3.034	251.475	0.89561
random_n250_d5	nsm_erosion	1.10	8	152.625	154.250	3.649	253.375	0.91512
random_n250_d5	nsm_erosion	1.20	8	158.875	157.875	2.030	255.475	0.93093
random_n250_d5	hk_tau0.5	-1.00	8	135.150	131.400	2.165	131.400	0.00976
random_n250_d5	hk_tau0.5	-0.90	8	127.950	122.650	2.022	122.650	0.01197
random_n250_d5	hk_tau0.5	-0.80	8	125.075	119.100	1.429	119.100	0.01455
random_n250_d5	hk_tau0.5	-0.70	8	122.125	120.050	1.524	120.075	0.02210
random_n250_d5	hk_tau0.5	-0.60	8	121.550	119.025	1.791	119.025	0.03106
random_n250_d5	hk_tau0.5	-0.50	8	117.325	116.850	0.210	116.850	0.04197
random_n250_d5	hk_tau0.5	-0.40	8	117.875	116.500	0.267	116.900	0.06333
random_n250_d5	hk_tau0.5	-0.30	8	117.675	116.625	0.237	117.575	0.09384
random_n250_d5	hk_tau0.5	-0.20	8	119.000	118.100	0.384	120.400	0.13839
random_n250_d5	hk_tau0.5	-0.10	8	122.575	119.575	0.610	125.450	0.20211
random_n250_d5	hk_tau0.5	0.00	8	124.275	121.725	0.835	138.800	0.29277
random_n250_d5	hk_tau0.5	0.10	8	131.225	128.850	1.109	156.350	0.40812
random_n250_d5	hk_tau0.5	0.20	8	139.475	133.350	1.823	178.725	0.51541
random_n250_d5	hk_tau0.5	0.30	8	144.350	141.600	2.951	198.750	0.60512
random_n250_d5	hk_tau0.5	0.40	8	151.375	146.125	3.142	212.925	0.67971
random_n250_d5	hk_tau0.5	0.50	8	153.350	155.250	2.242	224.500	0.73977
random_n250_d5	hk_tau0.5	0.60	8	149.250	149.350	2.649	230.225	0.78865
random_n250_d5	hk_tau0.5	0.70	8	156.625	149.625	4.119	238.625	0.82728
random_n250_d5	hk_tau0.5	0.80	8	149.125	152.750	2.274	245.600	0.85886
random_n250_d5	hk_tau0.5	0.90	8	158.000	153.625	3.459	250.050	0.88457
random_n250_d5	hk_tau0.5	1.00	8	154.250	150.625	2.138	249.475	0.90515
random_n250_d5	hk_tau0.5	1.10	8	148.975	156.750	3.310	250.525	0.92202
random_n250_d5	hk_tau0.5	1.20	8	159.250	154.100	2.311	258.150	0.93604
random_n250_d5	hk_tau2	-1.00	8	122.350	119.150	0.867	119.150	0.00864
random_n250_d5	hk_tau2	-0.90	8	121.750	119.025	0.736	119.250	0.01402
random_n250_d5	hk_tau2	-0.80	8	118.300	117.700	0.419	117.750	0.01963
random_n250_d5	hk_tau2	-0.70	8	118.525	117.400	0.361	117.625	0.02812
random_n250_d5	hk_tau2	-0.60	8	118.425	117.450	0.362	117.975	0.04051
random_n250_d5	hk_tau2	-0.50	8	118.750	118.125	0.242	118.600	0.05952
random_n250_d5	hk_tau2	-0.40	8	118.475	118.225	0.183	119.475	0.08840
random_n250_d5	hk_tau2	-0.30	8	120.200	118.725	0.346	121.850	0.13325
random_n250_d5	hk_tau2	-0.20	8	121.625	120.525	0.396	127.725	0.19940
random_n250_d5	hk_tau2	-0.10	8	123.950	122.925	1.029	138.925	0.30052
random_n250_d5	hk_tau2	0.00	8	131.225	126.650	2.142	161.325	0.44286
random_n250_d5	hk_tau2	0.10	8	136.375	136.500	2.719	191.775	0.56803
random_n250_d5	hk_tau2	0.20	8	147.500	143.525	3.633	210.725	0.65722
random_n250_d5	hk_tau2	0.30	8	148.875	145.750	3.144	226.475	0.72484
random_n250_d5	hk_tau2	0.40	8	153.125	143.750	3.115	232.750	0.77557
random_n250_d5	hk_tau2	0.50	8	155.875	153.875	1.288	241.200	0.81580
random_n250_d5	hk_tau2	0.60	8	147.100	152.250	2.051	246.350	0.84718
random_n250_d5	hk_tau2	0.70	8	153.500	151.250	3.745	250.850	0.87265
random_n250_d5	hk_tau2	0.80	8	151.250	149.125	2.517	256.175	0.89355
random_n250_d5	hk_tau2	0.90	8	155.600	151.250	1.623	256.975	0.91075
random_n250_d5	hk_tau2	1.00	8	154.125	150.000	3.218	258.275	0.92497
random_n250_d5	hk_tau2	1.10	8	151.625	156.125	2.318	259.775	0.93703
random_n250_d5	hk_tau2	1.20	8	156.250	153.750	1.925	261.750	0.94754
random_n250_d5	hk_sched	-1.00	8	120.750	118.500	0.669	118.500	0.00637
random_n250_d5	hk_sched	-0.90	8	119.700	117.400	0.230	117.400	0.00993
random_n250_d5	hk_sched	-0.80	8	118.975	117.275	0.210	117.275	0.01485
random_n250_d5	hk_sched	-0.70	8	119.375	117.650	0.098	117.650	0.02169
random_n250_d5	hk_sched	-0.60	8	119.175	117.100	0.038	117.100	0.03302
random_n250_d5	hk_sched	-0.50	8	119.500	117.225	0.215	117.250	0.05098
random_n250_d5	hk_sched	-0.40	8	121.475	116.425	0.263	116.625	0.07615
random_n250_d5	hk_sched	-0.30	8	122.575	117.100	0.309	117.650	0.11237
random_n250_d5	hk_sched	-0.20	8	128.800	117.975	0.328	120.375	0.16660
random_n250_d5	hk_sched	-0.10	8	133.500	119.750	0.366	126.225	0.24148
random_n250_d5	hk_sched	0.00	8	138.725	122.100	1.280	136.750	0.33354
random_n250_d5	hk_sched	0.10	8	148.625	132.350	1.476	152.375	0.43783
random_n250_d5	hk_sched	0.20	8	153.500	133.250	2.507	173.750	0.53417
random_n250_d5	hk_sched	0.30	8	153.475	137.125	3.340	191.775	0.61717
random_n250_d5	hk_sched	0.40	8	152.500	150.000	1.389	209.225	0.68564
random_n250_d5	hk_sched	0.50	8	148.250	149.125	3.091	220.175	0.74254
random_n250_d5	hk_sched	0.60	8	151.875	151.750	1.980	229.750	0.78962
random_n250_d5	hk_sched	0.70	8	148.275	155.000	2.375	236.825	0.82740
random_n250_d5	hk_sched	0.80	8	156.225	154.850	2.219	243.100	0.85805
random_n250_d5	hk_sched	0.90	8	154.225	156.625	2.129	249.175	0.88352
random_n250_d5	hk_sched	1.00	8	157.650	157.375	2.360	250.475	0.90436
random_n250_d5	hk_sched	1.10	8	154.375	155.125	3.934	255.250	0.92103
random_n250_d5	hk_sched	1.20	8	154.200	156.625	2.017	257.400	0.93514
random_n250_d10	none	-1.00	8	366.375	360.650	2.013	360.650	0.00458
random_n250_d10	none	-0.90	8	363.300	360.050	1.953	360.050	0.00368
random_n250_d10	none	-0.80	8	360.600	357.950	2.190	357.950	0.00873
random_n250_d10	none	-0.70	8	355.700	351.975	1.165	352.050	0.01023
random_n250_d10	none	-0.60	8	351.625	348.825	0.780	348.825	0.01334
random_n250_d10	none	-0.50	8	352.350	348.225	1.552	348.225	0.02156
random_n250_d10	none	-0.40	8	348.875	347.725	1.065	347.725	0.03130
random_n250_d10	none	-0.30	8	346.625	344.975	0.555	344.975	0.04774
random_n250_d10	none	-0.20	8	350.350	345.975	0.562	346.375	0.07392
random_n250_d10	none	-0.10	8	351.125	345.725	0.679	347.850	0.11129
random_n250_d10	none	0.00	8	353.250	350.350	0.708	354.950	0.16738
random_n250_d10	none	0.10	8	358.825	355.150	1.630	369.475	0.24503
random_n250_d10	none	0.20	8	364.225	365.975	1.067	390.275	0.33816
random_n250_d10	none	0.30	8	369.225	370.500	2.626	413.925	0.43760
random_n250_d10	none	0.40	8	380.125	374.500	2.016	439.650	0.53087
random_n250_d10	none	0.50	8	378.000	370.675	3.084	459.750	0.61426
random_n250_d10	none	0.60	8	385.125	376.350	3.241	475.325	0.68567
random_n250_d10	none	0.70	8	381.350	378.450	1.903	490.475	0.74491
random_n250_d10	none	0.80	8	382.625	385.250	2.024	499.850	0.79359
random_n250_d10	none	0.90	8	380.100	386.525	1.589	509.850	0.83305
random_n250_d10	none	1.00	8	374.775	384.350	2.529	513.650	0.86523
random_n250_d10	none	1.10	8	382.450	384.825	3.452	524.300	0.89102
random_n250_d10	none	1.20	8	383.500	385.350	5.457	528.050	0.91213
random_n250_d10	rk1	-1.00	8	374.475	367.975	2.508	368.200	0.00026
random_n250_d10	rk1	-0.90	8	375.050	368.350	1.558	368.450	0.00028
random_n250_d10	rk1	-0.80	8	376.575	365.825	2.301	366.400	0.00036
random_n250_d10	rk1	-0.70	8	379.525	369.550	1.488	369.550	0.00040
random_n250_d10	rk1	-0.60	8	374.975	364.925	2.241	364.950	0.00056
random_n250_d10	rk1	-0.50	8	367.000	358.225	1.392	358.425	0.00073
random_n250_d10	rk1	-0.40	8	369.825	357.875	2.100	358.275	0.00106
random_n250_d10	rk1	-0.30	8	364.275	355.625	1.944	356.425	0.00170
random_n250_d10	rk1	-0.20	8	365.950	354.850	1.615	356.275	0.00372
random_n250_d10	rk1	-0.10	8	359.525	349.500	0.457	353.225	0.00788
random_n250_d10	rk1	0.00	8	361.450	353.000	1.211	361.625	0.01910
random_n250_d10	rk1	0.10	8	367.750	357.450	1.291	377.650	0.04733
random_n250_d10	rk1	0.20	8	368.200	361.750	1.417	397.625	0.10092
random_n250_d10	rk1	0.30	8	373.000	369.850	1.350	419.800	0.18329
random_n250_d10	rk1	0.40	8	376.125	372.475	1.992	440.525	0.28181
random_n250_d10	rk1	0.50	8	379.800	380.425	2.431	460.475	0.38775
random_n250_d10	rk1	0.60	8	381.600	377.950	1.652	480.475	0.48670
random_n250_d10	rk1	0.70	8	377.325	379.100	2.533	491.600	0.57687
random_n250_d10	rk1	0.80	8	385.875	378.025	1.910	506.050	0.65385
random_n250_d10	rk1	0.90	8	385.100	381.125	4.232	510.550	0.71822
random_n250_d10	rk1	1.00	8	382.750	384.275	1.249	518.275	0.77145
random_n250_d10	rk1	1.10	8	387.850	383.900	3.145	523.475	0.81482
random_n250_d10	rk1	1.20	8	384.500	385.550	3.311	529.975	0.85037
random_n250_d10	rk4	-1.00	8	375.925	367.825	1.762	368.125	0.00027
random_n250_d10	rk4	-0.90	8	367.950	366.325	2.423	366.325	0.00027
random_n250_d10	rk4	-0.80	8	369.500	366.050	2.956	366.075	0.00032
random_n250_d10	rk4	-0.70	8	370.600	361.750	2.838	361.750	0.00056
random_n250_d10	rk4	-0.60	8	364.400	356.625	1.262	356.625	0.00111
random_n250_d10	rk4	-0.50	8	358.500	352.675	1.367	352.675	0.00228
random_n250_d10	rk4	-0.40	8	356.800	350.300	1.207	350.350	0.00560
random_n250_d10	rk4	-0.30	8	356.400	346.350	0.568	346.475	0.01292
random_n250_d10	rk4	-0.20	8	352.375	346.925	0.964	347.900	0.02616
random_n250_d10	rk4	-0.10	8	351.750	346.850	0.297	348.625	0.05032
random_n250_d10	rk4	0.00	8	354.250	350.300	0.671	356.650	0.09315
random_n250_d10	rk4	0.10	8	360.450	355.225	1.630	371.200	0.15810
random_n250_d10	rk4	0.20	8	368.225	359.325	2.724	394.675	0.24612
random_n250_d10	rk4	0.30	8	371.000	371.625	1.742	418.625	0.34649
random_n250_d10	rk4	0.40	8	380.825	373.350	2.352	443.325	0.44907
random_n250_d10	rk4	0.50	8	378.175	376.975	2.282	455.875	0.54251
random_n250_d10	rk4	0.60	8	380.850	374.375	3.354	475.575	0.62400
random_n250_d10	rk4	0.70	8	377.425	385.475	3.244	489.425	0.69395
random_n250_d10	rk4	0.80	8	381.250	379.125	3.362	499.450	0.75193
random_n250_d10	rk4	0.90	8	384.625	381.200	3.929	509.450	0.79910
random_n250_d10	rk4	1.00	8	381.850	381.100	2.052	518.500	0.83786
random_n250_d10	rk4	1.10	8	387.850	382.850	3.599	523.850	0.86884
random_n250_d10	rk4	1.20	8	386.375	381.950	3.372	529.450	0.89416
random_n250_d10	nsm_rho1	-1.00	8	365.950	357.450	1.732	357.450	0.01240
random_n250_d10	nsm_rho1	-0.90	8	358.500	355.225	2.110	355.225	0.01261
random_n250_d10	nsm_rho1	-0.80	8	361.275	357.125	2.291	357.125	0.01459
random_n250_d10	nsm_rho1	-0.70	8	359.525	353.075	2.134	353.075	0.01831
random_n250_d10	nsm_rho1	-0.60	8	354.200	349.325	1.423	349.325	0.02237
random_n250_d10	nsm_rho1	-0.50	8	353.275	349.550	0.472	349.550	0.02783
random_n250_d10	nsm_rho1	-0.40	8	350.350	348.100	1.064	348.125	0.04140
random_n250_d10	nsm_rho1	-0.30	8	348.875	347.025	0.788	347.100	0.05526
random_n250_d10	nsm_rho1	-0.20	8	348.850	345.500	0.480	346.650	0.08352
random_n250_d10	nsm_rho1	-0.10	8	347.475	345.850	0.448	349.100	0.12062
random_n250_d10	nsm_rho1	0.00	8	351.875	348.850	0.757	357.075	0.17797
random_n250_d10	nsm_rho1	0.10	8	361.200	354.175	1.261	371.300	0.25656
random_n250_d10	nsm_rho1	0.20	8	360.100	363.475	2.456	395.125	0.34976
random_n250_d10	nsm_rho1	0.30	8	370.975	368.975	2.435	417.125	0.44677
random_n250_d10	nsm_rho1	0.40	8	376.450	373.075	2.663	441.625	0.53946
random_n250_d10	nsm_rho1	0.50	8	377.400	374.500	3.229	461.075	0.62173
random_n250_d10	nsm_rho1	0.60	8	388.825	383.675	3.481	476.525	0.69107
random_n250_d10	nsm_rho1	0.70	8	382.250	384.250	2.393	488.450	0.74955
random_n250_d10	nsm_rho1	0.80	8	383.950	376.950	4.393	502.750	0.79741
random_n250_d10	nsm_rho1	0.90	8	380.250	371.500	3.407	511.325	0.83583
random_n250_d10	nsm_rho1	1.00	8	396.350	384.500	5.435	518.850	0.86755
random_n250_d10	nsm_rho1	1.10	8	382.350	379.825	3.259	523.675	0.89302
random_n250_d10	nsm_rho1	1.20	8	383.150	381.500	3.431	528.025	0.91356
random_n250_d10	nsm_rho0.5	-1.00	8	364.675	362.175	2.194	362.175	0.01080
random_n250_d10	nsm_rho0.5	-0.90	8	362.725	357.375	2.004	357.375	0.01234
random_n250_d10	nsm_rho0.5	-0.80	8	360.325	355.250	2.292	355.250	0.01490
random_n250_d10	nsm_rho0.5	-0.70	8	358.450	355.850	1.289	355.850	0.01901
random_n250_d10	nsm_rho0.5	-0.60	8	357.025	352.300	0.923	352.300	0.02277
random_n250_d10	nsm_rho0.5	-0.50	8	351.700	348.675	1.369	348.675	0.02956
random_n250_d10	nsm_rho0.5	-0.40	8	351.575	347.800	0.598	347.825	0.04006
random_n250_d10	nsm_rho0.5	-0.30	8	349.350	346.200	0.753	346.200	0.05430
random_n250_d10	nsm_rho0.5	-0.20	8	349.650	345.475	0.452	346.150	0.08176
random_n250_d10	nsm_rho0.5	-0.10	8	349.550	345.900	0.481	349.100	0.11850
random_n250_d10	nsm_rho0.5	0.00	8	353.125	349.650	0.456	357.325	0.17562
random_n250_d10	nsm_rho0.5	0.10	8	357.125	353.975	1.248	371.975	0.25413
random_n250_d10	nsm_rho0.5	0.20	8	366.475	363.000	2.313	394.825	0.34786
random_n250_d10	nsm_rho0.5	0.30	8	368.350	367.350	2.641	418.725	0.44620
random_n250_d10	nsm_rho0.5	0.40	8	368.700	373.075	2.293	441.825	0.53949
random_n250_d10	nsm_rho0.5	0.50	8	377.200	379.100	2.424	458.575	0.62184
random_n250_d10	nsm_rho0.5	0.60	8	381.575	377.700	4.944	476.475	0.69185
random_n250_d10	nsm_rho0.5	0.70	8	373.850	380.750	4.701	491.100	0.75012
random_n250_d10	nsm_rho0.5	0.80	8	391.225	382.250	3.678	505.800	0.79817
random_n250_d10	nsm_rho0.5	0.90	8	383.675	383.800	3.477	511.575	0.83643
random_n250_d10	nsm_rho0.5	1.00	8	382.375	384.800	4.943	519.625	0.86806
random_n250_d10	nsm_rho0.5	1.10	8	385.675	384.000	2.544	523.500	0.89336
random_n250_d10	nsm_rho0.5	1.20	8	384.725	381.475	3.913	528.450	0.91391
random_n250_d10	nsm_erosion	-1.00	8	363.200	359.475	3.023	359.475	0.01149
random_n250_d10	nsm_erosion	-0.90	8	361.200	356.250	1.652	356.250	0.01200
random_n250_d10	nsm_erosion	-0.80	8	362.925	357.625	2.620	357.625	0.01397
random_n250_d10	nsm_erosion	-0.70	8	358.575	356.175	1.950	356.175	0.01825
random_n250_d10	nsm_erosion	-0.60	8	357.900	352.550	1.292	352.550	0.02246
random_n250_d10	nsm_erosion	-0.50	8	353.825	348.875	1.258	348.875	0.02698
random_n250_d10	nsm_erosion	-0.40	8	349.650	346.925	0.782	346.950	0.03591
random_n250_d10	nsm_erosion	-0.30	8	348.825	347.175	0.680	347.175	0.05549
random_n250_d10	nsm_erosion	-0.20	8	349.700	345.275	0.490	346.350	0.08130
random_n250_d10	nsm_erosion	-0.10	8	350.100	346.000	0.500	349.175	0.11809
random_n250_d10	nsm_erosion	0.00	8	350.100	349.125	1.084	356.875	0.17370
random_n250_d10	nsm_erosion	0.10	8	358.175	355.050	1.625	373.125	0.25238
random_n250_d10	nsm_erosion	0.20	8	361.450	360.325	2.472	395.725	0.34468
random_n250_d10	nsm_erosion	0.30	8	371.050	367.425	2.373	414.450	0.44265
random_n250_d10	nsm_erosion	0.40	8	370.850	374.125	1.846	439.325	0.53614
random_n250_d10	nsm_erosion	0.50	8	374.025	373.625	2.584	460.000	0.61882
random_n250_d10	nsm_erosion	0.60	8	381.875	377.525	2.369	475.000	0.68989
random_n250_d10	nsm_erosion	0.70	8	385.000	380.375	3.814	489.500	0.74857
random_n250_d10	nsm_erosion	0.80	8	381.100	378.175	2.131	504.700	0.79679
random_n250_d10	nsm_erosion	0.90	8	387.925	384.325	4.781	513.500	0.83592
random_n250_d10	nsm_erosion	1.00	8	382.975	377.200	1.710	513.800	0.86765
random_n250_d10	nsm_erosion	1.10	8	381.775	388.450	2.225	522.250	0.89368
random_n250_d10	nsm_erosion	1.20	8	387.050	383.250	5.042	526.225	0.91415
random_n250_d10	hk_tau0.5	-1.00	8	364.175	358.575	1.940	358.575	0.00397
random_n250_d10	hk_tau0.5	-0.90	8	361.600	357.350	1.438	357.350	0.00661
random_n250_d10	hk_tau0.5	-0.80	8	358.800	354.450	1.437	354.450	0.00932
random_n250_d10	hk_tau0.5	-0.70	8	352.675	350.475	1.383	350.475	0.01211
random_n250_d10	hk_tau0.5	-0.60	8	354.075	347.950	1.162	347.950	0.01689
random_n250_d10	hk_tau0.5	-0.50	8	351.275	347.325	0.836	347.325	0.02648
random_n250_d10	hk_tau0.5	-0.40	8	349.625	345.575	0.850	345.575	0.03816
random_n250_d10	hk_tau0.5	-0.30	8	345.575	344.900	0.433	344.950	0.05420
random_n250_d10	hk_tau0.5	-0.20	8	348.100	344.725	0.248	345.275	0.08738
random_n250_d10	hk_tau0.5	-0.10	8	349.950	347.000	0.843	351.275	0.13442
random_n250_d10	hk_tau0.5	0.00	8	354.850	350.825	1.213	361.700	0.20330
random_n250_d10	hk_tau0.5	0.10	8	361.750	356.225	1.122	378.250	0.29477
random_n250_d10	hk_tau0.5	0.20	8	365.625	363.775	2.339	404.000	0.39884
random_n250_d10	hk_tau0.5	0.30	8	373.350	374.350	1.223	429.575	0.50302
random_n250_d10	hk_tau0.5	0.40	8	379.575	381.075	3.402	455.875	0.59397
random_n250_d10	hk_tau0.5	0.50	8	375.475	378.750	3.367	470.975	0.67197
random_n250_d10	hk_tau0.5	0.60	8	374.975	376.800	3.441	486.425	0.73507
random_n250_d10	hk_tau0.5	0.70	8	382.750	381.175	2.889	501.500	0.78572
random_n250_d10	hk_tau0.5	0.80	8	383.325	384.675	2.986	507.625	0.82719
random_n250_d10	hk_tau0.5	0.90	8	383.175	380.850	2.638	515.975	0.86020
random_n250_d10	hk_tau0.5	1.00	8	380.150	383.400	3.200	522.700	0.88676
random_n250_d10	hk_tau0.5	1.10	8	384.850	383.750	3.241	527.700	0.90827
random_n250_d10	hk_tau0.5	1.20	8	388.500	385.850	4.369	533.250	0.92571
random_n250_d10	hk_tau2	-1.00	8	355.475	351.825	1.516	352.325	0.00772
random_n250_d10	hk_tau2	-0.90	8	353.900	351.625	1.388	351.825	0.01314
random_n250_d10	hk_tau2	-0.80	8	353.125	348.950	0.590	349.275	0.01813
random_n250_d10	hk_tau2	-0.70	8	352.075	347.375	0.849	347.900	0.02778
random_n250_d10	hk_tau2	-0.60	8	350.450	349.200	0.688	350.050	0.04170
random_n250_d10	hk_tau2	-0.50	8	348.775	347.000	0.800	348.400	0.06034
random_n250_d10	hk_tau2	-0.40	8	351.375	347.600	0.663	349.900	0.08681
random_n250_d10	hk_tau2	-0.30	8	350.375	349.125	0.490	353.375	0.12892
random_n250_d10	hk_tau2	-0.20	8	351.650	350.375	0.670	362.225	0.19331
random_n250_d10	hk_tau2	-0.10	8	359.300	354.775	1.155	379.800	0.28539
random_n250_d10	hk_tau2	0.00	8	366.475	363.475	1.826	406.625	0.39930
random_n250_d10	hk_tau2	0.10	8	366.725	369.200	3.555	430.425	0.51568
random_n250_d10	hk_tau2	0.20	8	374.600	369.425	1.130	456.800	0.61485
random_n250_d10	hk_tau2	0.30	8	377.400	374.725	2.087	478.225	0.69228
random_n250_d10	hk_tau2	0.40	8	380.325	380.625	1.603	492.675	0.75197
random_n250_d10	hk_tau2	0.50	8	389.850	375.500	3.065	503.300	0.79886
random_n250_d10	hk_tau2	0.60	8	378.975	378.975	2.295	509.775	0.83556
random_n250_d10	hk_tau2	0.70	8	382.825	385.750	2.914	521.625	0.86504
random_n250_d10	hk_tau2	0.80	8	383.875	383.975	2.108	529.025	0.88846
random_n250_d10	hk_tau2	0.90	8	384.750	383.350	1.568	531.050	0.90793
random_n250_d10	hk_tau2	1.00	8	381.825	384.750	3.007	538.625	0.92370
random_n250_d10	hk_tau2	1.10	8	379.675	379.475	3.300	536.900	0.93673
random_n250_d10	hk_tau2	1.20	8	383.100	381.400	3.052	537.700	0.94746
random_n250_d10	hk_sched	-1.00	8	353.775	350.700	1.426	350.700	0.00647
random_n250_d10	hk_sched	-0.90	8	354.800	349.875	1.196	349.875	0.00924
random_n250_d10	hk_sched	-0.80	8	352.850	347.525	0.991	347.525	0.01317
random_n250_d10	hk_sched	-0.70	8	353.475	349.300	1.223	349.300	0.01923
random_n250_d10	hk_sched	-0.60	8	354.350	345.700	0.363	345.700	0.02795
random_n250_d10	hk_sched	-0.50	8	352.600	345.325	0.323	345.325	0.03930
random_n250_d10	hk_sched	-0.40	8	358.275	345.500	0.463	345.500	0.06106
random_n250_d10	hk_sched	-0.30	8	361.075	345.700	0.458	345.700	0.08716
random_n250_d10	hk_sched	-0.20	8	366.075	345.425	0.404	345.550	0.12907
random_n250_d10	hk_sched	-0.10	8	377.850	347.175	0.682	349.575	0.18486
random_n250_d10	hk_sched	0.00	8	379.725	349.625	1.085	356.975	0.25541
random_n250_d10	hk_sched	0.10	8	379.050	355.975	1.105	370.350	0.34022
random_n250_d10	hk_sched	0.20	8	377.350	359.650	1.795	393.150	0.43416
random_n250_d10	hk_sched	0.30	8	386.075	372.600	1.770	418.525	0.52567
random_n250_d10	hk_sched	0.40	8	378.750	372.075	4.247	442.075	0.60843
random_n250_d10	hk_sched	0.50	8	389.725	380.475	3.858	462.125	0.67958
random_n250_d10	hk_sched	0.60	8	383.075	378.900	4.069	479.350	0.73898
random_n250_d10	hk_sched	0.70	8	383.450	379.825	2.628	496.175	0.78780
random_n250_d10	hk_sched	0.80	8	385.875	384.875	4.306	503.850	0.82775
random_n250_d10	hk_sched	0.90	8	380.525	384.475	2.691	516.050	0.85993
random_n250_d10	hk_sched	1.00	8	379.225	382.850	4.195	519.225	0.88622
random_n250_d10	hk_sched	1.10	8	385.125	382.350	4.922	529.450	0.90763
random_n250_d10	hk_sched	1.20	8	379.200	388.950	3.648	529.700	0.92477
random_n250_d20	none	-1.00	8	889.025	888.300	2.410	888.300	0.00206
random_n250_d20	none	-0.90	8	891.675	887.650	3.922	887.650	0.00417
random_n250_d20	none	-0.80	8	888.225	883.975	3.735	883.975	0.00465
random_n250_d20	none	-0.70	8	879.725	875.475	1.772	875.475	0.00584
random_n250_d20	none	-0.60	8	874.775	869.225	2.549	869.225	0.00860
random_n250_d20	none	-0.50	8	873.475	868.550	2.242	868.550	0.01263
random_n250_d20	none	-0.40	8	871.850	867.825	1.685	867.825	0.01878
random_n250_d20	none	-0.30	8	868.450	864.075	1.278	864.100	0.02638
random_n250_d20	none	-0.20	8	867.275	861.875	0.994	861.875	0.03841
random_n250_d20	none	-0.10	8	865.125	861.450	0.850	861.625	0.05995
random_n250_d20	none	0.00	8	863.725	860.125	0.125	862.075	0.09345
random_n250_d20	none	0.10	8	869.625	864.250	0.750	868.125	0.14007
random_n250_d20	none	0.20	8	873.425	869.625	1.679	882.025	0.20628
random_n250_d20	none	0.30	8	878.400	875.500	1.620	909.100	0.29760
random_n250_d20	none	0.40	8	889.750	884.525	3.099	945.750	0.40001
random_n250_d20	none	0.50	8	899.500	886.575	2.631	976.375	0.49953
random_n250_d20	none	0.60	8	898.775	907.700	4.782	1011.550	0.58896
random_n250_d20	none	0.70	8	907.125	900.850	3.555	1037.350	0.66554
random_n250_d20	none	0.80	8	909.775	909.000	3.516	1055.025	0.72919
random_n250_d20	none	0.90	8	905.700	916.800	6.509	1075.500	0.78204
random_n250_d20	none	1.00	8	916.100	917.000	2.719	1091.000	0.82519
random_n250_d20	none	1.10	8	910.850	913.775	4.425	1098.675	0.85973
random_n250_d20	none	1.20	8	906.575	907.225	2.809	1104.375	0.88779
random_n250_d20	rk1	-1.00	8	896.925	890.725	3.435	890.800	0.00024
random_n250_d20	rk1	-0.90	8	898.450	888.925	5.348	889.125	0.00026
random_n250_d20	rk1	-0.80	8	895.550	885.400	3.943	885.500	0.00030
random_n250_d20	rk1	-0.70	8	900.775	886.300	2.323	886.650	0.00038
random_n250_d20	rk1	-0.60	8	903.575	886.375	2.156	887.000	0.00038
random_n250_d20	rk1	-0.50	8	891.475	882.100	3.672	882.100	0.00047
random_n250_d20	rk1	-0.40	8	892.575	881.350	3.005	881.625	0.00065
random_n250_d20	rk1	-0.30	8	888.400	874.750	2.660	874.875	0.00078
random_n250_d20	rk1	-0.20	8	882.900	873.050	2.767	875.025	0.00135
random_n250_d20	rk1	-0.10	8	887.500	872.225	2.112	874.250	0.00247
random_n250_d20	rk1	0.00	8	877.625	871.050	0.918	874.975	0.00543
random_n250_d20	rk1	0.10	8	877.850	865.500	1.871	875.600	0.01252
random_n250_d20	rk1	0.20	8	877.400	868.300	1.205	890.000	0.03139
random_n250_d20	rk1	0.30	8	880.275	875.775	2.043	915.425	0.07515
random_n250_d20	rk1	0.40	8	888.400	881.200	2.098	950.575	0.14852
random_n250_d20	rk1	0.50	8	897.675	896.275	2.927	986.975	0.24656
random_n250_d20	rk1	0.60	8	902.150	901.600	3.699	1015.175	0.35334
random_n250_d20	rk1	0.70	8	903.800	909.825	4.222	1039.325	0.45769
random_n250_d20	rk1	0.80	8	915.225	907.150	3.701	1058.825	0.55278
random_n250_d20	rk1	0.90	8	914.225	902.550	5.150	1077.875	0.63535
random_n250_d20	rk1	1.00	8	904.700	913.850	3.688	1088.900	0.70440
random_n250_d20	rk1	1.10	8	910.825	905.025	5.437	1103.200	0.76185
random_n250_d20	rk1	1.20	8	906.925	901.150	3.569	1110.150	0.80863
random_n250_d20	rk4	-1.00	8	896.950	886.375	5.388	887.350	0.00024
random_n250_d20	rk4	-0.90	8	898.575	889.200	1.585	889.350	0.00027
random_n250_d20	rk4	-0.80	8	890.700	886.500	4.268	886.550	0.00025
random_n250_d20	rk4	-0.70	8	894.425	885.525	2.314	885.525	0.00030
random_n250_d20	rk4	-0.60	8	886.950	880.250	3.362	880.375	0.00039
random_n250_d20	rk4	-0.50	8	889.100	879.950	2.661	879.950	0.00084
random_n250_d20	rk4	-0.40	8	891.200	877.225	2.123	877.225	0.00175
random_n250_d20	rk4	-0.30	8	880.550	864.450	2.055	864.500	0.00390
random_n250_d20	rk4	-0.20	8	875.875	865.950	1.798	866.075	0.00957
random_n250_d20	rk4	-0.10	8	870.725	863.175	1.241	863.600	0.01985
random_n250_d20	rk4	0.00	8	872.875	862.950	0.993	864.950	0.03891
random_n250_d20	rk4	0.10	8	869.050	866.125	0.868	871.900	0.07173
random_n250_d20	rk4	0.20	8	868.550	869.100	1.297	885.250	0.12563
random_n250_d20	rk4	0.30	8	886.150	877.075	2.625	912.325	0.20769
random_n250_d20	rk4	0.40	8	890.150	884.075	3.263	947.350	0.30935
random_n250_d20	rk4	0.50	8	897.950	898.350	5.056	982.250	0.41405
random_n250_d20	rk4	0.60	8	903.650	897.475	4.420	1012.475	0.51396
random_n250_d20	rk4	0.70	8	905.275	906.050	5.311	1040.450	0.60088
random_n250_d20	rk4	0.80	8	912.075	898.475	5.884	1063.950	0.67602
random_n250_d20	rk4	0.90	8	907.225	912.175	4.627	1080.100	0.73862
random_n250_d20	rk4	1.00	8	904.525	914.600	2.243	1089.850	0.78932
random_n250_d20	rk4	1.10	8	920.650	920.450	5.949	1096.050	0.83101
random_n250_d20	rk4	1.20	8	916.525	908.575	3.267	1109.000	0.86475
random_n250_d20	nsm_rho1	-1.00	8	879.075	876.300	3.572	876.300	0.00929
random_n250_d20	nsm_rho1	-0.90	8	883.425	879.000	3.291	879.000	0.01041
random_n250_d20	nsm_rho1	-0.80	8	885.400	881.225	2.753	881.225	0.01200
random_n250_d20	nsm_rho1	-0.70	8	881.750	873.325	3.020	873.325	0.01361
random_n250_d20	nsm_rho1	-0.60	8	873.650	868.000	2.243	868.000	0.01628
random_n250_d20	nsm_rho1	-0.50	8	871.325	867.550	1.449	867.550	0.01960
random_n250_d20	nsm_rho1	-0.40	8	872.050	865.075	1.368	865.075	0.02632
random_n250_d20	nsm_rho1	-0.30	8	869.950	866.400	1.419	866.400	0.03367
random_n250_d20	nsm_rho1	-0.20	8	866.875	861.625	0.885	861.650	0.04736
random_n250_d20	nsm_rho1	-0.10	8	867.825	861.925	0.919	862.225	0.06907
random_n250_d20	nsm_rho1	0.00	8	866.975	860.575	0.415	862.725	0.10282
random_n250_d20	nsm_rho1	0.10	8	867.325	862.975	1.282	871.550	0.14932
random_n250_d20	nsm_rho1	0.20	8	871.750	869.375	1.608	885.525	0.21648
random_n250_d20	nsm_rho1	0.30	8	878.500	870.500	2.074	910.775	0.30688
random_n250_d20	nsm_rho1	0.40	8	889.825	891.675	3.807	940.825	0.40867
random_n250_d20	nsm_rho1	0.50	8	897.875	893.925	4.311	981.200	0.50674
random_n250_d20	nsm_rho1	0.60	8	902.775	898.375	3.776	1013.150	0.59476
random_n250_d20	nsm_rho1	0.70	8	910.525	909.675	7.066	1039.325	0.67054
random_n250_d20	nsm_rho1	0.80	8	912.675	903.075	5.085	1061.400	0.73378
random_n250_d20	nsm_rho1	0.90	8	912.075	911.450	5.921	1076.150	0.78584
random_n250_d20	nsm_rho1	1.00	8	909.575	901.050	5.150	1091.475	0.82776
random_n250_d20	nsm_rho1	1.10	8	899.400	910.125	5.959	1102.725	0.86208
random_n250_d20	nsm_rho1	1.20	8	906.200	910.300	4.397	1109.350	0.88963
random_n250_d20	nsm_rho0.5	-1.00	8	879.825	878.475	3.802	878.475	0.00932
random_n250_d20	nsm_rho0.5	-0.90	8	886.575	886.250	3.490	886.250	0.01229
random_n250_d20	nsm_rho0.5	-0.80	8	884.875	877.050	3.472	877.050	0.01300
random_n250_d20	nsm_rho0.5	-0.70	8	886.075	875.200	2.721	875.200	0.01463
random_n250_d20	nsm_rho0.5	-0.60	8	876.775	871.925	2.265	871.925	0.01762
random_n250_d20	nsm_rho0.5	-0.50	8	873.750	870.150	1.860	870.150	0.01934
random_n250_d20	nsm_rho0.5	-0.40	8	869.275	865.100	2.505	865.100	0.02644
random_n250_d20	nsm_rho0.5	-0.30	8	870.100	864.400	1.387	864.400	0.03512
random_n250_d20	nsm_rho0.5	-0.20	8	865.075	863.025	0.677	863.025	0.04720
random_n250_d20	nsm_rho0.5	-0.10	8	864.175	860.325	0.800	860.925	0.06881
random_n250_d20	nsm_rho0.5	0.00	8	864.225	859.725	0.233	862.600	0.10169
random_n250_d20	nsm_rho0.5	0.10	8	868.525	863.250	1.264	871.475	0.14820
random_n250_d20	nsm_rho0.5	0.20	8	871.750	867.725	1.414	885.525	0.21335
random_n250_d20	nsm_rho0.5	0.30	8	874.275	874.950	1.929	913.000	0.30539
random_n250_d20	nsm_rho0.5	0.40	8	884.450	888.800	5.628	948.750	0.40743
random_n250_d20	nsm_rho0.5	0.50	8	895.000	895.675	3.423	983.950	0.50621
random_n250_d20	nsm_rho0.5	0.60	8	896.375	898.075	4.870	1014.000	0.59480
random_n250_d20	nsm_rho0.5	0.70	8	900.800	904.275	3.055	1038.125	0.67054
random_n250_d20	nsm_rho0.5	0.80	8	905.675	907.900	3.817	1061.600	0.73367
random_n250_d20	nsm_rho0.5	0.90	8	905.575	900.675	4.320	1077.225	0.78562
random_n250_d20	nsm_rho0.5	1.00	8	904.775	898.250	4.168	1089.475	0.82800
random_n250_d20	nsm_rho0.5	1.10	8	913.925	916.650	4.217	1103.725	0.86227
random_n250_d20	nsm_rho0.5	1.20	8	907.575	908.225	5.998	1108.125	0.88977
random_n250_d20	nsm_erosion	-1.00	8	889.525	885.050	3.811	885.050	0.00956
random_n250_d20	nsm_erosion	-0.90	8	889.700	884.275	2.486	884.275	0.01072
random_n250_d20	nsm_erosion	-0.80	8	881.200	879.475	3.011	879.475	0.01159
random_n250_d20	nsm_erosion	-0.70	8	882.800	875.025	3.451	875.025	0.01511
random_n250_d20	nsm_erosion	-0.60	8	879.350	873.825	2.687	873.825	0.01697
random_n250_d20	nsm_erosion	-0.50	8	875.425	870.000	1.670	870.000	0.01966
random_n250_d20	nsm_erosion	-0.40	8	867.400	862.525	1.367	862.525	0.02535
random_n250_d20	nsm_erosion	-0.30	8	868.650	866.650	2.232	866.650	0.03433
random_n250_d20	nsm_erosion	-0.20	8	868.725	862.575	1.823	862.600	0.04693
random_n250_d20	nsm_erosion	-0.10	8	866.075	861.925	0.938	862.300	0.06797
random_n250_d20	nsm_erosion	0.00	8	865.950	860.125	0.227	863.500	0.10119
random_n250_d20	nsm_erosion	0.10	8	864.100	863.975	1.109	869.800	0.14704
random_n250_d20	nsm_erosion	0.20	8	872.250	865.975	1.457	883.575	0.21340
random_n250_d20	nsm_erosion	0.30	8	874.075	872.500	1.475	912.150	0.30224
random_n250_d20	nsm_erosion	0.40	8	895.450	883.950	4.925	939.800	0.40450
random_n250_d20	nsm_erosion	0.50	8	897.825	892.050	4.346	979.800	0.50259
random_n250_d20	nsm_erosion	0.60	8	899.550	900.350	5.017	1011.925	0.59219
random_n250_d20	nsm_erosion	0.70	8	901.450	905.925	4.458	1039.150	0.66771
random_n250_d20	nsm_erosion	0.80	8	909.125	910.425	7.097	1059.925	0.73191
random_n250_d20	nsm_erosion	0.90	8	905.100	903.350	4.589	1075.775	0.78408
random_n250_d20	nsm_erosion	1.00	8	899.150	912.925	8.383	1089.725	0.82664
random_n250_d20	nsm_erosion	1.10	8	899.350	904.825	4.884	1099.700	0.86098
random_n250_d20	nsm_erosion	1.20	8	911.700	907.150	4.466	1104.450	0.88888
random_n250_d20	hk_tau0.5	-1.00	8	884.500	881.225	2.042	881.225	0.00320
random_n250_d20	hk_tau0.5	-0.90	8	879.625	878.575	3.551	878.575	0.00392
random_n250_d20	hk_tau0.5	-0.80	8	874.200	869.250	2.160	869.250	0.00456
random_n250_d20	hk_tau0.5	-0.70	8	882.100	875.550	3.710	875.550	0.00729
random_n250_d20	hk_tau0.5	-0.60	8	872.600	869.825	2.638	869.825	0.01108
random_n250_d20	hk_tau0.5	-0.50	8	872.875	867.325	2.361	867.325	0.01615
random_n250_d20	hk_tau0.5	-0.40	8	870.075	865.125	2.033	865.125	0.02372
random_n250_d20	hk_tau0.5	-0.30	8	867.425	861.900	1.109	861.900	0.03672
random_n250_d20	hk_tau0.5	-0.20	8	863.925	860.225	0.802	860.350	0.05438
random_n250_d20	hk_tau0.5	-0.10	8	863.850	860.750	0.726	861.425	0.08437
random_n250_d20	hk_tau0.5	0.00	8	866.550	862.350	0.537	867.000	0.12647
random_n250_d20	hk_tau0.5	0.10	8	869.100	867.525	1.408	877.650	0.18528
random_n250_d20	hk_tau0.5	0.20	8	874.200	874.000	1.604	898.400	0.27192
random_n250_d20	hk_tau0.5	0.30	8	884.975	880.425	3.759	934.475	0.37718
random_n250_d20	hk_tau0.5	0.40	8	889.250	890.000	3.122	971.150	0.48304
random_n250_d20	hk_tau0.5	0.50	8	897.375	902.300	3.334	1009.125	0.57839
random_n250_d20	hk_tau0.5	0.60	8	903.125	906.075	3.304	1027.850	0.65889
random_n250_d20	hk_tau0.5	0.70	8	912.000	907.225	2.745	1055.275	0.72583
random_n250_d20	hk_tau0.5	0.80	8	913.075	906.100	4.678	1073.275	0.77963
random_n250_d20	hk_tau0.5	0.90	8	911.950	912.575	3.193	1084.450	0.82329
random_n250_d20	hk_tau0.5	1.00	8	909.050	911.075	4.639	1096.600	0.85868
random_n250_d20	hk_tau0.5	1.10	8	904.725	913.700	2.829	1109.800	0.88666
random_n250_d20	hk_tau0.5	1.20	8	907.325	904.625	5.226	1118.750	0.90929
random_n250_d20	hk_tau2	-1.00	8	869.525	868.700	1.772	868.850	0.00638
random_n250_d20	hk_tau2	-0.90	8	871.725	865.575	2.489	865.850	0.01062
random_n250_d20	hk_tau2	-0.80	8	869.850	868.900	1.886	868.900	0.01707
random_n250_d20	hk_tau2	-0.70	8	864.350	863.275	1.706	863.600	0.02385
random_n250_d20	hk_tau2	-0.60	8	868.525	867.050	1.634	867.450	0.03688
random_n250_d20	hk_tau2	-0.50	8	865.425	862.250	0.840	862.300	0.05184
random_n250_d20	hk_tau2	-0.40	8	867.950	861.375	0.183	861.950	0.07522
random_n250_d20	hk_tau2	-0.30	8	866.475	862.600	0.550	866.750	0.11273
random_n250_d20	hk_tau2	-0.20	8	868.875	864.375	0.670	873.950	0.16446
random_n250_d20	hk_tau2	-0.10	8	874.475	869.225	1.663	889.200	0.23472
random_n250_d20	hk_tau2	0.00	8	878.400	875.200	1.335	914.900	0.33339
random_n250_d20	hk_tau2	0.10	8	889.600	882.600	2.942	953.650	0.45141
random_n250_d20	hk_tau2	0.20	8	898.625	889.500	3.473	996.000	0.56164
random_n250_d20	hk_tau2	0.30	8	909.150	896.675	3.045	1027.000	0.65187
random_n250_d20	hk_tau2	0.40	8	900.350	897.975	6.086	1057.675	0.72233
random_n250_d20	hk_tau2	0.50	8	905.700	905.200	6.825	1074.500	0.77751
random_n250_d20	hk_tau2	0.60	8	903.025	912.100	6.150	1092.100	0.82100
random_n250_d20	hk_tau2	0.70	8	903.900	906.725	4.202	1097.900	0.85562
random_n250_d20	hk_tau2	0.80	8	918.000	910.775	4.590	1108.200	0.88279
random_n250_d20	hk_tau2	0.90	8	899.850	907.300	6.411	1113.125	0.90516
random_n250_d20	hk_tau2	1.00	8	907.500	904.025	7.916	1124.100	0.92278
random_n250_d20	hk_tau2	1.10	8	913.300	908.175	3.262	1125.475	0.93711
random_n250_d20	hk_tau2	1.20	8	913.800	902.350	3.955	1132.500	0.94874
random_n250_d20	hk_sched	-1.00	8	871.350	869.525	1.824	869.525	0.00695
random_n250_d20	hk_sched	-0.90	8	870.575	865.825	2.011	865.825	0.01004
random_n250_d20	hk_sched	-0.80	8	869.450	866.700	2.459	866.700	0.01375
random_n250_d20	hk_sched	-0.70	8	868.675	864.600	1.659	864.600	0.01913
random_n250_d20	hk_sched	-0.60	8	869.725	864.625	1.085	864.775	0.02753
random_n250_d20	hk_sched	-0.50	8	877.125	863.650	0.810	863.650	0.04034
random_n250_d20	hk_sched	-0.40	8	876.800	862.700	1.110	862.700	0.05584
random_n250_d20	hk_sched	-0.30	8	886.900	860.075	0.552	860.075	0.07862
random_n250_d20	hk_sched	-0.20	8	895.575	859.675	0.464	859.675	0.10836
random_n250_d20	hk_sched	-0.10	8	901.150	859.125	0.125	859.325	0.14604
random_n250_d20	hk_sched	0.00	8	900.325	860.975	0.756	862.250	0.19311
random_n250_d20	hk_sched	0.10	8	899.800	862.500	0.911	871.150	0.25276
random_n250_d20	hk_sched	0.20	8	908.450	871.650	1.208	885.275	0.32839
random_n250_d20	hk_sched	0.30	8	914.650	877.125	2.650	908.650	0.41863
random_n250_d20	hk_sched	0.40	8	904.250	877.275	2.600	948.825	0.51047
random_n250_d20	hk_sched	0.50	8	919.250	896.675	3.356	988.600	0.59644
random_n250_d20	hk_sched	0.60	8	914.725	898.825	2.917	1014.750	0.66967
random_n250_d20	hk_sched	0.70	8	908.425	902.750	4.519	1042.200	0.73218
random_n250_d20	hk_sched	0.80	8	913.100	903.750	3.975	1063.150	0.78391
random_n250_d20	hk_sched	0.90	8	904.800	893.850	3.584	1079.900	0.82572
random_n250_d20	hk_sched	1.00	8	910.175	911.750	4.109	1092.500	0.86005
random_n250_d20	hk_sched	1.10	8	909.525	911.150	3.953	1101.900	0.88734
random_n250_d20	hk_sched	1.20	8	911.825	903.550	3.592	1108.425	0.90957
random_n500_d5	none	-1.00	8	290.775	286.250	2.274	286.250	0.00897
random_n500_d5	none	-0.90	8	288.125	281.375	1.580	281.375	0.01545
random_n500_d5	none	-0.80	8	285.875	273.250	2.320	273.250	0.02004
random_n500_d5	none	-0.70	8	275.625	267.275	2.231	267.275	0.02507
random_n500_d5	none	-0.60	8	272.375	260.750	0.840	260.875	0.03292
random_n500_d5	none	-0.50	8	266.125	259.750	0.559	259.750	0.04542
random_n500_d5	none	-0.40	8	266.375	257.250	0.675	257.550	0.06410
random_n500_d5	none	-0.30	8	265.375	259.875	0.666	261.850	0.09094
random_n500_d5	none	-0.20	8	269.500	262.625	0.498	270.350	0.13259
random_n500_d5	none	-0.10	8	274.250	265.875	1.716	288.075	0.19284
random_n500_d5	none	0.00	8	287.500	282.625	2.187	320.400	0.27394
random_n500_d5	none	0.10	8	298.125	289.250	1.916	353.875	0.36674
random_n500_d5	none	0.20	8	305.125	302.000	3.246	393.400	0.46143
random_n500_d5	none	0.30	8	318.500	315.750	3.726	427.525	0.55092
random_n500_d5	none	0.40	8	322.500	317.750	2.603	459.950	0.62840
random_n500_d5	none	0.50	8	316.250	324.625	2.035	484.500	0.69467
random_n500_d5	none	0.60	8	321.750	322.250	1.916	502.475	0.74938
random_n500_d5	none	0.70	8	328.250	328.000	5.539	515.450	0.79459
random_n500_d5	none	0.80	8	324.375	324.250	2.902	530.000	0.83113
random_n500_d5	none	0.90	8	322.375	328.875	3.472	540.775	0.86163
random_n500_d5	none	1.00	8	317.750	329.000	3.273	547.000	0.88565
random_n500_d5	none	1.10	8	328.625	325.750	4.708	555.825	0.90579
random_n500_d5	none	1.20	8	322.125	324.500	1.225	562.650	0.92198
random_n500_d5	rk1	-1.00	8	315.375	296.750	2.671	296.750	0.00051
random_n500_d5	rk1	-0.90	8	306.875	292.750	1.962	293.025	0.00059
random_n500_d5	rk1	-0.80	8	308.750	292.875	3.777	293.025	0.00066
random_n500_d5	rk1	-0.70	8	307.625	291.875	2.844	292.275	0.00078
random_n500_d5	rk1	-0.60	8	304.000	283.375	1.511	284.000	0.00105
random_n500_d5	rk1	-0.50	8	293.875	276.500	1.763	277.925	0.00155
random_n500_d5	rk1	-0.40	8	300.250	274.375	2.228	277.075	0.00271
random_n500_d5	rk1	-0.30	8	294.000	268.875	1.368	274.800	0.00490
random_n500_d5	rk1	-0.20	8	288.250	270.125	1.767	282.050	0.01124
random_n500_d5	rk1	-0.10	8	287.625	270.375	1.580	297.300	0.02623
random_n500_d5	rk1	0.00	8	296.000	280.500	1.763	322.900	0.05973
random_n500_d5	rk1	0.10	8	298.125	293.750	1.770	360.850	0.11924
random_n500_d5	rk1	0.20	8	306.500	302.500	1.570	398.800	0.20446
random_n500_d5	rk1	0.30	8	320.625	310.250	3.294	430.625	0.30271
random_n500_d5	rk1	0.40	8	321.625	319.250	2.274	459.450	0.40436
random_n500_d5	rk1	0.50	8	320.375	322.500	2.486	483.225	0.49963
random_n500_d5	rk1	0.60	8	323.250	321.750	1.750	503.025	0.58432
random_n500_d5	rk1	0.70	8	325.625	326.125	4.286	516.350	0.65619
random_n500_d5	rk1	0.80	8	325.750	322.250	3.579	532.100	0.71624
random_n500_d5	rk1	0.90	8	334.500	327.500	3.207	540.950	0.76655
random_n500_d5	rk1	1.00	8	325.250	329.375	3.251	548.350	0.80784
random_n500_d5	rk1	1.10	8	328.750	326.125	4.060	557.650	0.84180
random_n500_d5	rk1	1.20	8	332.625	322.250	5.281	561.750	0.86996
random_n500_d5	rk4	-1.00	8	302.500	293.250	3.825	293.250	0.00050
random_n500_d5	rk4	-0.90	8	296.250	286.000	1.690	286.000	0.00064
random_n500_d5	rk4	-0.80	8	298.250	283.875	1.217	284.025	0.00099
random_n500_d5	rk4	-0.70	8	293.750	280.125	1.663	280.175	0.00173
random_n500_d5	rk4	-0.60	8	286.750	269.375	2.903	269.650	0.00379
random_n500_d5	rk4	-0.50	8	277.500	262.875	1.060	263.025	0.00788
random_n500_d5	rk4	-0.40	8	273.625	261.000	0.964	261.575	0.01630
random_n500_d5	rk4	-0.30	8	273.625	261.000	0.886	264.875	0.03309
random_n500_d5	rk4	-0.20	8	273.125	262.000	0.824	270.775	0.06085
random_n500_d5	rk4	-0.10	8	275.625	270.375	0.981	291.225	0.10798
random_n500_d5	rk4	0.00	8	288.000	280.375	2.095	321.750	0.17799
random_n500_d5	rk4	0.10	8	300.625	298.000	2.841	359.050	0.26782
random_n500_d5	rk4	0.20	8	304.750	304.125	3.548	395.975	0.36770
random_n500_d5	rk4	0.30	8	315.625	314.625	4.359	428.400	0.46596
random_n500_d5	rk4	0.40	8	310.500	312.125	4.081	460.175	0.55516
random_n500_d5	rk4	0.50	8	320.000	322.000	3.606	484.950	0.63235
random_n500_d5	rk4	0.60	8	326.250	319.625	4.040	501.925	0.69837
random_n500_d5	rk4	0.70	8	327.875	321.875	4.168	520.700	0.75226
random_n500_d5	rk4	0.80	8	327.625	327.500	2.706	531.025	0.79718
random_n500_d5	rk4	0.90	8	328.125	334.125	1.968	542.950	0.83332
random_n500_d5	rk4	1.00	8	326.875	321.500	3.946	546.100	0.86346
random_n500_d5	rk4	1.10	8	322.000	322.875	4.937	554.525	0.88758
random_n500_d5	rk4	1.20	8	334.375	327.375	6.590	560.200	0.90751
random_n500_d5	nsm_rho1	-1.00	8	286.000	276.000	1.427	276.000	0.01596
random_n500_d5	nsm_rho1	-0.90	8	281.750	268.125	1.817	268.125	0.01877
random_n500_d5	nsm_rho1	-0.80	8	277.750	264.625	1.209	264.625	0.02435
random_n500_d5	nsm_rho1	-0.70	8	272.625	263.125	2.022	263.150	0.03109
random_n500_d5	nsm_rho1	-0.60	8	272.000	261.125	1.381	261.150	0.03791
random_n500_d5	nsm_rho1	-0.50	8	263.500	260.625	1.034	260.625	0.05057
random_n500_d5	nsm_rho1	-0.40	8	267.125	256.000	1.000	257.025	0.06962
random_n500_d5	nsm_rho1	-0.30	8	264.000	257.625	0.962	260.875	0.09702
random_n500_d5	nsm_rho1	-0.20	8	270.625	261.125	1.315	271.975	0.14208
random_n500_d5	nsm_rho1	-0.10	8	275.000	268.875	0.666	290.275	0.20291
random_n500_d5	nsm_rho1	0.00	8	280.750	281.875	2.460	319.650	0.28395
random_n500_d5	nsm_rho1	0.10	8	299.625	288.375	2.291	355.325	0.37522
random_n500_d5	nsm_rho1	0.20	8	309.250	302.875	2.709	398.075	0.47043
random_n500_d5	nsm_rho1	0.30	8	317.625	311.500	3.469	428.750	0.55780
random_n500_d5	nsm_rho1	0.40	8	330.250	318.900	4.047	457.025	0.63448
random_n500_d5	nsm_rho1	0.50	8	313.000	324.875	5.588	482.650	0.69957
random_n500_d5	nsm_rho1	0.60	8	321.375	322.750	4.945	502.675	0.75365
random_n500_d5	nsm_rho1	0.70	8	319.875	322.875	3.067	519.825	0.79783
random_n500_d5	nsm_rho1	0.80	8	335.125	325.500	2.771	527.825	0.83407
random_n500_d5	nsm_rho1	0.90	8	326.250	326.625	3.500	537.025	0.86338
random_n500_d5	nsm_rho1	1.00	8	321.875	321.500	3.071	549.875	0.88759
random_n500_d5	nsm_rho1	1.10	8	324.875	323.250	2.153	554.500	0.90696
random_n500_d5	nsm_rho1	1.20	8	325.250	327.875	3.308	563.225	0.92297
random_n500_d5	nsm_rho0.5	-1.00	8	280.225	270.275	2.947	270.275	0.01159
random_n500_d5	nsm_rho0.5	-0.90	8	285.375	271.625	1.945	271.625	0.01604
random_n500_d5	nsm_rho0.5	-0.80	8	275.500	270.375	1.101	270.375	0.02331
random_n500_d5	nsm_rho0.5	-0.70	8	278.750	264.625	1.936	264.625	0.02885
random_n500_d5	nsm_rho0.5	-0.60	8	271.125	262.125	0.611	262.150	0.03730
random_n500_d5	nsm_rho0.5	-0.50	8	271.875	260.375	1.164	260.425	0.05012
random_n500_d5	nsm_rho0.5	-0.40	8	266.000	259.125	1.025	259.925	0.07119
random_n500_d5	nsm_rho0.5	-0.30	8	264.750	258.500	1.296	262.625	0.09684
random_n500_d5	nsm_rho0.5	-0.20	8	267.250	261.625	0.885	271.325	0.13844
random_n500_d5	nsm_rho0.5	-0.10	8	274.375	270.125	0.718	291.575	0.20074
random_n500_d5	nsm_rho0.5	0.00	8	284.875	283.125	2.364	322.125	0.28202
random_n500_d5	nsm_rho0.5	0.10	8	300.375	293.625	2.521	356.975	0.37556
random_n500_d5	nsm_rho0.5	0.20	8	305.375	301.125	2.728	396.225	0.47053
random_n500_d5	nsm_rho0.5	0.30	8	313.000	310.125	1.875	428.700	0.55934
random_n500_d5	nsm_rho0.5	0.40	8	320.375	309.750	3.736	456.800	0.63589
random_n500_d5	nsm_rho0.5	0.50	8	318.750	325.500	4.770	480.900	0.70091
random_n500_d5	nsm_rho0.5	0.60	8	328.875	327.250	3.195	502.925	0.75510
random_n500_d5	nsm_rho0.5	0.70	8	322.750	328.500	6.353	520.475	0.79917
random_n500_d5	nsm_rho0.5	0.80	8	323.625	324.250	3.245	525.600	0.83537
random_n500_d5	nsm_rho0.5	0.90	8	324.500	331.750	2.896	540.925	0.86419
random_n500_d5	nsm_rho0.5	1.00	8	329.125	325.750	5.440	551.825	0.88833
random_n500_d5	nsm_rho0.5	1.10	8	334.750	328.625	3.370	555.500	0.90743
random_n500_d5	nsm_rho0.5	1.20	8	326.375	322.875	3.210	561.600	0.92339
random_n500_d5	nsm_erosion	-1.00	8	281.125	272.750	2.094	272.750	0.01239
random_n500_d5	nsm_erosion	-0.90	8	287.025	271.250	2.684	271.250	0.01881
random_n500_d5	nsm_erosion	-0.80	8	275.875	268.400	2.036	268.425	0.02242
random_n500_d5	nsm_erosion	-0.70	8	274.375	264.750	1.436	264.775	0.02842
random_n500_d5	nsm_erosion	-0.60	8	270.250	260.000	1.165	260.000	0.03480
random_n500_d5	nsm_erosion	-0.50	8	266.875	259.250	0.840	259.400	0.04903
random_n500_d5	nsm_erosion	-0.40	8	264.000	258.625	1.117	259.575	0.06620
random_n500_d5	nsm_erosion	-0.30	8	267.875	259.875	0.611	263.150	0.09673
random_n500_d5	nsm_erosion	-0.20	8	268.500	263.000	1.402	272.550	0.13725
random_n500_d5	nsm_erosion	-0.10	8	278.875	271.500	1.842	292.200	0.19886
random_n500_d5	nsm_erosion	0.00	8	284.000	278.500	1.973	319.675	0.27939
random_n500_d5	nsm_erosion	0.10	8	297.000	292.625	1.149	359.250	0.37233
random_n500_d5	nsm_erosion	0.20	8	308.000	301.500	3.122	393.725	0.46765
random_n500_d5	nsm_erosion	0.30	8	318.250	310.625	3.338	433.525	0.55636
random_n500_d5	nsm_erosion	0.40	8	311.250	316.525	3.747	458.250	0.63417
random_n500_d5	nsm_erosion	0.50	8	328.750	322.625	2.659	485.650	0.70025
random_n500_d5	nsm_erosion	0.60	8	322.000	318.125	3.324	504.125	0.75468
random_n500_d5	nsm_erosion	0.70	8	322.375	325.625	4.209	518.525	0.79977
random_n500_d5	nsm_erosion	0.80	8	323.250	325.500	3.105	527.850	0.83621
random_n500_d5	nsm_erosion	0.90	8	325.875	325.625	3.332	539.400	0.86568
random_n500_d5	nsm_erosion	1.00	8	326.875	329.000	2.360	548.950	0.88948
random_n500_d5	nsm_erosion	1.10	8	331.125	325.500	4.408	554.800	0.90937
random_n500_d5	nsm_erosion	1.20	8	325.375	327.000	4.559	561.025	0.92505
random_n500_d5	hk_tau0.5	-1.00	8	278.375	270.275	2.273	270.275	0.00876
random_n500_d5	hk_tau0.5	-0.90	8	277.375	268.125	1.619	268.125	0.01352
random_n500_d5	hk_tau0.5	-0.80	8	272.350	263.375	1.700	263.375	0.01905
random_n500_d5	hk_tau0.5	-0.70	8	269.875	261.650	0.610	261.725	0.02468
random_n500_d5	hk_tau0.5	-0.60	8	264.125	257.875	1.407	258.100	0.03306
random_n500_d5	hk_tau0.5	-0.50	8	264.500	258.250	0.726	258.250	0.04718
random_n500_d5	hk_tau0.5	-0.40	8	261.975	256.250	0.701	257.350	0.06620
random_n500_d5	hk_tau0.5	-0.30	8	261.875	258.125	0.895	261.250	0.09522
random_n500_d5	hk_tau0.5	-0.20	8	265.625	261.250	0.881	270.775	0.13961
random_n500_d5	hk_tau0.5	-0.10	8	274.375	266.850	1.821	292.650	0.20850
random_n500_d5	hk_tau0.5	0.00	8	286.125	279.750	2.210	326.775	0.30154
random_n500_d5	hk_tau0.5	0.10	8	299.375	291.875	2.715	371.625	0.40591
random_n500_d5	hk_tau0.5	0.20	8	307.000	306.375	2.738	408.050	0.50806
random_n500_d5	hk_tau0.5	0.30	8	312.500	309.750	3.115	446.300	0.59746
random_n500_d5	hk_tau0.5	0.40	8	323.500	317.000	2.471	470.925	0.67213
random_n500_d5	hk_tau0.5	0.50	8	316.875	321.875	3.425	493.200	0.73274
random_n500_d5	hk_tau0.5	0.60	8	325.250	325.875	3.558	511.300	0.78169
random_n500_d5	hk_tau0.5	0.70	8	326.250	330.500	4.145	527.300	0.82079
random_n500_d5	hk_tau0.5	0.80	8	326.750	324.250	2.678	538.850	0.85260
random_n500_d5	hk_tau0.5	0.90	8	322.625	326.625	4.440	549.125	0.87817
random_n500_d5	hk_tau0.5	1.00	8	325.250	329.750	3.211	552.600	0.89879
random_n500_d5	hk_tau0.5	1.10	8	323.500	331.000	2.771	558.750	0.91584
random_n500_d5	hk_tau0.5	1.20	8	326.125	327.875	3.507	560.475	0.92998
random_n500_d5	hk_tau2	-1.00	8	269.125	266.750	1.319	267.150	0.01147
random_n500_d5	hk_tau2	-0.90	8	265.000	260.250	1.082	260.375	0.01635
random_n500_d5	hk_tau2	-0.80	8	266.750	262.625	1.149	263.025	0.02419
random_n500_d5	hk_tau2	-0.70	8	262.125	260.000	1.052	260.525	0.03445
random_n500_d5	hk_tau2	-0.60	8	263.250	258.500	1.052	259.550	0.04947
random_n500_d5	hk_tau2	-0.50	8	262.750	258.875	1.342	261.325	0.06935
random_n500_d5	hk_tau2	-0.40	8	263.250	259.750	0.491	268.025	0.10376
random_n500_d5	hk_tau2	-0.30	8	266.500	262.000	0.378	276.300	0.14646
random_n500_d5	hk_tau2	-0.20	8	268.000	267.375	1.981	295.875	0.21251
random_n500_d5	hk_tau2	-0.10	8	283.250	278.875	1.787	334.875	0.31770
random_n500_d5	hk_tau2	0.00	8	294.750	289.750	2.776	388.450	0.44629
random_n500_d5	hk_tau2	0.10	8	308.125	303.250	2.328	437.875	0.56158
random_n500_d5	hk_tau2	0.20	8	309.000	308.250	2.498	471.000	0.64972
random_n500_d5	hk_tau2	0.30	8	317.250	322.500	1.722	498.250	0.71710
random_n500_d5	hk_tau2	0.40	8	317.250	322.750	4.216	518.700	0.76822
random_n500_d5	hk_tau2	0.50	8	322.750	324.875	3.578	530.525	0.80844
random_n500_d5	hk_tau2	0.60	8	315.625	321.250	2.202	547.675	0.84018
random_n500_d5	hk_tau2	0.70	8	328.750	326.125	3.603	552.725	0.86558
random_n500_d5	hk_tau2	0.80	8	322.250	326.125	3.414	562.050	0.88660
random_n500_d5	hk_tau2	0.90	8	328.500	327.250	3.489	562.225	0.90377
random_n500_d5	hk_tau2	1.00	8	333.000	332.000	2.420	567.675	0.91812
random_n500_d5	hk_tau2	1.10	8	328.250	326.250	3.421	570.650	0.93005
random_n500_d5	hk_tau2	1.20	8	319.000	326.250	3.468	570.450	0.94063
random_n500_d5	hk_sched	-1.00	8	266.450	262.375	0.822	262.375	0.00999
random_n500_d5	hk_sched	-0.90	8	266.375	260.625	1.463	260.625	0.01652
random_n500_d5	hk_sched	-0.80	8	269.000	260.350	0.990	260.350	0.02154
random_n500_d5	hk_sched	-0.70	8	266.375	258.125	1.060	258.125	0.02973
random_n500_d5	hk_sched	-0.60	8	266.250	256.000	0.964	256.000	0.04117
random_n500_d5	hk_sched	-0.50	8	268.000	255.875	1.008	255.975	0.05765
random_n500_d5	hk_sched	-0.40	8	271.875	254.750	0.590	255.275	0.07986
random_n500_d5	hk_sched	-0.30	8	275.625	256.500	0.756	259.075	0.11447
random_n500_d5	hk_sched	-0.20	8	284.125	262.500	1.210	270.425	0.17013
random_n500_d5	hk_sched	-0.10	8	290.250	270.875	1.608	290.150	0.24414
random_n500_d5	hk_sched	0.00	8	310.875	280.500	2.179	320.150	0.33739
random_n500_d5	hk_sched	0.10	8	310.875	295.750	1.013	358.775	0.43547
random_n500_d5	hk_sched	0.20	8	322.125	306.000	2.745	396.400	0.52748
random_n500_d5	hk_sched	0.30	8	319.500	305.875	3.613	432.150	0.60881
random_n500_d5	hk_sched	0.40	8	323.750	319.125	2.386	463.300	0.67863
random_n500_d5	hk_sched	0.50	8	321.750	323.625	4.105	483.700	0.73581
random_n500_d5	hk_sched	0.60	8	324.250	334.000	4.939	502.375	0.78253
random_n500_d5	hk_sched	0.70	8	329.125	323.625	4.326	518.550	0.82068
random_n500_d5	hk_sched	0.80	8	327.000	318.750	4.078	533.250	0.85153
random_n500_d5	hk_sched	0.90	8	324.875	325.000	2.521	543.125	0.87725
random_n500_d5	hk_sched	1.00	8	331.125	332.625	3.479	547.925	0.89785
random_n500_d5	hk_sched	1.10	8	321.750	326.875	2.601	559.775	0.91489
random_n500_d5	hk_sched	1.20	8	328.875	327.875	2.628	560.350	0.92908
random_n500_d10	none	-1.00	8	768.825	756.500	3.684	756.500	0.00416
random_n500_d10	none	-0.90	8	762.250	748.000	3.433	748.000	0.00650
random_n500_d10	none	-0.80	8	759.475	748.025	2.770	748.025	0.00866
random_n500_d10	none	-0.70	8	750.625	738.325	1.573	738.325	0.01225
random_n500_d10	none	-0.60	8	747.375	735.975	2.538	735.975	0.01720
random_n500_d10	none	-0.50	8	743.750	733.250	2.392	733.275	0.02297
random_n500_d10	none	-0.40	8	741.525	726.375	2.290	726.450	0.03265
random_n500_d10	none	-0.30	8	733.150	723.775	0.825	724.125	0.04796
random_n500_d10	none	-0.20	8	734.250	723.575	1.545	726.525	0.07031
random_n500_d10	none	-0.10	8	737.750	729.450	1.809	737.775	0.10736
random_n500_d10	none	0.00	8	744.000	732.025	2.020	753.000	0.15732
random_n500_d10	none	0.10	8	753.875	744.125	2.715	788.100	0.22851
random_n500_d10	none	0.20	8	769.250	765.350	2.889	840.500	0.31879
random_n500_d10	none	0.30	8	774.250	782.250	4.850	894.650	0.41801
random_n500_d10	none	0.40	8	794.875	787.125	2.875	953.750	0.51471
random_n500_d10	none	0.50	8	806.250	798.000	5.919	996.375	0.59954
random_n500_d10	none	0.60	8	801.125	813.500	4.532	1037.500	0.67259
random_n500_d10	none	0.70	8	811.875	807.125	3.739	1066.125	0.73351
random_n500_d10	none	0.80	8	809.000	812.125	4.756	1091.700	0.78328
random_n500_d10	none	0.90	8	818.250	814.100	4.769	1111.975	0.82414
random_n500_d10	none	1.00	8	809.250	795.375	7.435	1128.300	0.85689
random_n500_d10	none	1.10	8	808.000	814.375	3.565	1145.175	0.88351
random_n500_d10	none	1.20	8	814.375	817.750	5.042	1151.700	0.90489
random_n500_d10	rk1	-1.00	8	799.000	778.625	2.777	779.525	0.00046
random_n500_d10	rk1	-0.90	8	798.575	783.750	3.339	785.125	0.00045
random_n500_d10	rk1	-0.80	8	795.875	778.625	2.686	779.800	0.00052
random_n500_d10	rk1	-0.70	8	797.875	772.850	3.987	773.600	0.00061
random_n500_d10	rk1	-0.60	8	790.000	765.375	2.964	767.025	0.00069
random_n500_d10	rk1	-0.50	8	785.125	753.875	4.042	754.600	0.00085
random_n500_d10	rk1	-0.40	8	781.125	756.200	2.853	759.325	0.00110
random_n500_d10	rk1	-0.30	8	781.100	746.250	3.473	751.525	0.00182
random_n500_d10	rk1	-0.20	8	771.125	743.875	1.674	750.925	0.00332
random_n500_d10	rk1	-0.10	8	764.125	737.875	1.156	751.100	0.00659
random_n500_d10	rk1	0.00	8	762.500	742.350	2.155	769.175	0.01644
random_n500_d10	rk1	0.10	8	768.250	754.000	3.322	804.275	0.03931
random_n500_d10	rk1	0.20	8	773.750	764.100	2.706	848.025	0.08660
random_n500_d10	rk1	0.30	8	786.875	774.250	2.512	902.750	0.16326
random_n500_d10	rk1	0.40	8	800.975	789.500	3.257	951.750	0.26024
random_n500_d10	rk1	0.50	8	806.025	803.250	5.489	1001.775	0.36469
random_n500_d10	rk1	0.60	8	804.475	797.350	4.252	1039.325	0.46637
random_n500_d10	rk1	0.70	8	805.125	804.625	5.688	1074.025	0.55796
random_n500_d10	rk1	0.80	8	810.750	815.250	3.331	1098.700	0.63607
random_n500_d10	rk1	0.90	8	817.375	810.375	5.997	1114.125	0.70300
random_n500_d10	rk1	1.00	8	809.725	809.625	6.003	1128.800	0.75760
random_n500_d10	rk1	1.10	8	807.000	817.125	3.984	1146.050	0.80243
random_n500_d10	rk1	1.20	8	810.975	807.125	4.860	1148.500	0.83918
random_n500_d10	rk4	-1.00	8	790.500	783.375	4.084	783.775	0.00043
random_n500_d10	rk4	-0.90	8	785.125	774.625	2.890	774.625	0.00050
random_n500_d10	rk4	-0.80	8	782.125	773.500	5.302	773.700	0.00053
random_n500_d10	rk4	-0.70	8	774.025	758.775	3.902	758.900	0.00075
random_n500_d10	rk4	-0.60	8	767.250	745.800	4.048	746.225	0.00114
random_n500_d10	rk4	-0.50	8	773.500	744.275	4.626	744.875	0.00249
random_n500_d10	rk4	-0.40	8	753.700	732.850	2.766	733.200	0.00511
random_n500_d10	rk4	-0.30	8	747.800	730.600	2.499	732.800	0.01115
random_n500_d10	rk4	-0.20	8	742.650	726.400	1.667	731.150	0.02260
random_n500_d10	rk4	-0.10	8	748.225	729.375	1.194	738.025	0.04493
random_n500_d10	rk4	0.00	8	746.000	731.225	1.404	755.925	0.08097
random_n500_d10	rk4	0.10	8	752.250	745.000	2.138	791.550	0.13917
random_n500_d10	rk4	0.20	8	765.875	763.375	4.375	841.800	0.22311
random_n500_d10	rk4	0.30	8	783.250	779.275	3.214	900.875	0.32245
random_n500_d10	rk4	0.40	8	786.000	789.250	4.667	953.975	0.42593
random_n500_d10	rk4	0.50	8	799.625	797.250	6.755	999.950	0.52222
random_n500_d10	rk4	0.60	8	803.875	801.375	2.988	1040.225	0.60698
random_n500_d10	rk4	0.70	8	808.750	808.250	4.589	1069.350	0.67852
random_n500_d10	rk4	0.80	8	811.875	816.000	4.259	1092.550	0.73887
random_n500_d10	rk4	0.90	8	807.500	808.625	6.156	1114.125	0.78725
random_n500_d10	rk4	1.00	8	809.400	812.025	5.657	1135.025	0.82739
random_n500_d10	rk4	1.10	8	817.625	819.850	6.766	1143.975	0.85939
random_n500_d10	rk4	1.20	8	813.000	808.625	5.484	1158.300	0.88561
random_n500_d10	nsm_rho1	-1.00	8	758.800	750.950	1.715	750.950	0.00732
random_n500_d10	nsm_rho1	-0.90	8	754.400	744.925	2.494	744.925	0.00998
random_n500_d10	nsm_rho1	-0.80	8	750.900	743.150	3.916	743.150	0.01286
random_n500_d10	nsm_rho1	-0.70	8	745.775	740.550	2.058	740.550	0.01564
random_n500_d10	nsm_rho1	-0.60	8	744.500	731.175	0.993	731.175	0.01918
random_n500_d10	nsm_rho1	-0.50	8	743.125	732.125	2.474	732.175	0.02750
random_n500_d10	nsm_rho1	-0.40	8	740.400	729.475	2.141	729.625	0.03803
random_n500_d10	nsm_rho1	-0.30	8	733.650	727.725	0.962	729.275	0.05407
random_n500_d10	nsm_rho1	-0.20	8	736.975	725.350	1.524	730.050	0.07717
random_n500_d10	nsm_rho1	-0.10	8	739.850	728.725	1.548	738.500	0.11228
random_n500_d10	nsm_rho1	0.00	8	744.350	733.500	2.338	756.050	0.16346
random_n500_d10	nsm_rho1	0.10	8	744.150	748.000	2.212	791.725	0.23612
random_n500_d10	nsm_rho1	0.20	8	768.775	762.000	4.957	842.625	0.32613
random_n500_d10	nsm_rho1	0.30	8	780.500	773.875	3.378	898.100	0.42476
random_n500_d10	nsm_rho1	0.40	8	795.250	785.500	2.860	952.225	0.51979
random_n500_d10	nsm_rho1	0.50	8	796.125	789.625	4.747	998.725	0.60442
random_n500_d10	nsm_rho1	0.60	8	805.125	793.875	4.638	1033.850	0.67692
random_n500_d10	nsm_rho1	0.70	8	811.750	810.750	4.283	1065.175	0.73665
random_n500_d10	nsm_rho1	0.80	8	809.250	809.250	5.993	1095.500	0.78591
random_n500_d10	nsm_rho1	0.90	8	811.125	815.750	5.688	1113.350	0.82600
random_n500_d10	nsm_rho1	1.00	8	811.350	817.350	4.429	1127.450	0.85856
random_n500_d10	nsm_rho1	1.10	8	804.250	803.350	3.305	1141.800	0.88488
random_n500_d10	nsm_rho1	1.20	8	809.625	812.875	4.311	1146.700	0.90613
random_n500_d10	nsm_rho0.5	-1.00	8	763.975	755.875	3.688	755.875	0.00809
random_n500_d10	nsm_rho0.5	-0.90	8	760.100	753.175	5.726	753.175	0.00887
random_n500_d10	nsm_rho0.5	-0.80	8	759.500	744.900	4.145	745.050	0.01193
random_n500_d10	nsm_rho0.5	-0.70	8	748.150	735.200	2.929	735.200	0.01493
random_n500_d10	nsm_rho0.5	-0.60	8	744.500	731.175	2.805	731.275	0.02067
random_n500_d10	nsm_rho0.5	-0.50	8	742.125	730.775	1.457	730.800	0.02680
random_n500_d10	nsm_rho0.5	-0.40	8	734.600	727.350	1.371	727.600	0.03766
random_n500_d10	nsm_rho0.5	-0.30	8	740.250	722.250	0.989	723.625	0.05047
random_n500_d10	nsm_rho0.5	-0.20	8	730.350	722.975	1.022	727.750	0.07484
random_n500_d10	nsm_rho0.5	-0.10	8	737.000	728.975	0.891	737.600	0.11143
random_n500_d10	nsm_rho0.5	0.00	8	741.125	733.000	2.375	757.000	0.16178
random_n500_d10	nsm_rho0.5	0.10	8	753.250	748.375	2.283	792.500	0.23485
random_n500_d10	nsm_rho0.5	0.20	8	765.225	757.500	3.100	839.100	0.32467
random_n500_d10	nsm_rho0.5	0.30	8	781.875	773.250	4.507	897.125	0.42498
random_n500_d10	nsm_rho0.5	0.40	8	793.375	792.625	3.669	951.425	0.52044
random_n500_d10	nsm_rho0.5	0.50	8	801.625	798.875	5.655	1000.600	0.60479
random_n500_d10	nsm_rho0.5	0.60	8	807.375	794.250	5.812	1040.225	0.67762
random_n500_d10	nsm_rho0.5	0.70	8	805.250	812.000	5.542	1068.125	0.73772
random_n500_d10	nsm_rho0.5	0.80	8	801.975	811.750	3.981	1096.100	0.78654
random_n500_d10	nsm_rho0.5	0.90	8	813.375	803.750	4.487	1113.700	0.82665
random_n500_d10	nsm_rho0.5	1.00	8	816.375	814.000	7.221	1131.075	0.85909
random_n500_d10	nsm_rho0.5	1.10	8	814.250	809.000	8.211	1141.850	0.88526
random_n500_d10	nsm_rho0.5	1.20	8	808.125	806.225	4.682	1152.175	0.90606
random_n500_d10	nsm_erosion	-1.00	8	762.450	745.550	1.953	745.550	0.00811
random_n500_d10	nsm_erosion	-0.90	8	764.775	749.025	2.790	749.025	0.01023
random_n500_d10	nsm_erosion	-0.80	8	757.625	741.950	5.514	741.950	0.01199
random_n500_d10	nsm_erosion	-0.70	8	750.650	735.775	2.086	735.775	0.01537
random_n500_d10	nsm_erosion	-0.60	8	749.850	735.425	3.087	735.425	0.01970
random_n500_d10	nsm_erosion	-0.50	8	740.125	729.750	1.698	729.900	0.02617
random_n500_d10	nsm_erosion	-0.40	8	737.250	727.500	2.064	727.750	0.03602
random_n500_d10	nsm_erosion	-0.30	8	735.625	724.125	1.847	725.100	0.05081
random_n500_d10	nsm_erosion	-0.20	8	736.475	725.975	1.195	729.825	0.07465
random_n500_d10	nsm_erosion	-0.10	8	733.525	723.725	1.719	735.525	0.11023
random_n500_d10	nsm_erosion	0.00	8	740.150	734.925	1.226	756.950	0.16153
random_n500_d10	nsm_erosion	0.10	8	750.400	745.950	2.388	788.450	0.23347
random_n500_d10	nsm_erosion	0.20	8	760.850	763.650	4.984	841.800	0.32253
random_n500_d10	nsm_erosion	0.30	8	786.100	782.000	5.312	901.275	0.42198
random_n500_d10	nsm_erosion	0.40	8	786.725	783.500	4.504	951.975	0.51772
random_n500_d10	nsm_erosion	0.50	8	800.250	798.125	4.064	1000.700	0.60336
random_n500_d10	nsm_erosion	0.60	8	810.250	807.475	4.566	1041.425	0.67610
random_n500_d10	nsm_erosion	0.70	8	809.725	815.000	4.814	1067.225	0.73676
random_n500_d10	nsm_erosion	0.80	8	810.250	802.750	6.638	1093.425	0.78666
random_n500_d10	nsm_erosion	0.90	8	812.375	809.375	5.741	1113.050	0.82699
random_n500_d10	nsm_erosion	1.00	8	807.375	810.250	6.344	1132.125	0.85977
random_n500_d10	nsm_erosion	1.10	8	811.400	809.500	7.329	1140.950	0.88585
random_n500_d10	nsm_erosion	1.20	8	804.375	815.625	6.713	1155.825	0.90735
random_n500_d10	hk_tau0.5	-1.00	8	754.275	744.500	2.582	744.500	0.00488
random_n500_d10	hk_tau0.5	-0.90	8	750.275	743.125	4.348	743.125	0.00630
random_n500_d10	hk_tau0.5	-0.80	8	749.400	735.625	2.625	735.725	0.00962
random_n500_d10	hk_tau0.5	-0.70	8	743.900	734.925	3.543	735.000	0.01388
random_n500_d10	hk_tau0.5	-0.60	8	742.125	734.600	2.159	734.700	0.01902
random_n500_d10	hk_tau0.5	-0.50	8	736.900	728.700	1.379	728.750	0.02647
random_n500_d10	hk_tau0.5	-0.40	8	735.000	724.875	1.593	725.275	0.03770
random_n500_d10	hk_tau0.5	-0.30	8	735.500	726.475	0.641	728.150	0.05693
random_n500_d10	hk_tau0.5	-0.20	8	731.500	724.325	1.055	728.875	0.08507
random_n500_d10	hk_tau0.5	-0.10	8	734.475	731.850	1.848	743.400	0.12776
random_n500_d10	hk_tau0.5	0.00	8	742.375	738.250	1.278	767.500	0.19008
random_n500_d10	hk_tau0.5	0.10	8	757.075	751.750	0.796	811.700	0.27501
random_n500_d10	hk_tau0.5	0.20	8	777.125	767.375	3.338	865.200	0.37806
random_n500_d10	hk_tau0.5	0.30	8	789.125	782.875	5.055	930.700	0.48404
random_n500_d10	hk_tau0.5	0.40	8	796.750	796.250	3.844	985.525	0.57904
random_n500_d10	hk_tau0.5	0.50	8	808.125	804.250	5.728	1025.300	0.65788
random_n500_d10	hk_tau0.5	0.60	8	808.000	802.475	5.242	1065.150	0.72296
random_n500_d10	hk_tau0.5	0.70	8	805.750	816.625	3.756	1091.600	0.77533
random_n500_d10	hk_tau0.5	0.80	8	813.000	810.500	6.196	1111.725	0.81727
random_n500_d10	hk_tau0.5	0.90	8	808.500	819.000	5.577	1126.925	0.85136
random_n500_d10	hk_tau0.5	1.00	8	815.250	816.500	5.196	1141.475	0.87860
random_n500_d10	hk_tau0.5	1.10	8	809.000	807.125	4.324	1152.325	0.90079
random_n500_d10	hk_tau0.5	1.20	8	807.000	809.000	4.464	1158.700	0.91873
random_n500_d10	hk_tau2	-1.00	8	745.375	738.025	2.382	738.950	0.00839
random_n500_d10	hk_tau2	-0.90	8	742.625	735.775	2.243	737.025	0.01290
random_n500_d10	hk_tau2	-0.80	8	737.225	731.625	1.475	732.925	0.01809
random_n500_d10	hk_tau2	-0.70	8	737.875	733.000	1.535	734.300	0.02702
random_n500_d10	hk_tau2	-0.60	8	739.775	732.625	1.487	735.225	0.04121
random_n500_d10	hk_tau2	-0.50	8	735.375	730.650	1.407	735.275	0.05972
random_n500_d10	hk_tau2	-0.40	8	737.500	731.100	1.678	740.475	0.09103
random_n500_d10	hk_tau2	-0.30	8	741.250	736.125	1.846	755.275	0.13235
random_n500_d10	hk_tau2	-0.20	8	744.700	740.825	1.646	773.900	0.18812
random_n500_d10	hk_tau2	-0.10	8	750.250	749.100	1.395	811.325	0.26544
random_n500_d10	hk_tau2	0.00	8	767.875	759.375	3.273	866.850	0.37548
random_n500_d10	hk_tau2	0.10	8	775.625	775.375	3.070	943.900	0.49791
random_n500_d10	hk_tau2	0.20	8	779.600	786.250	4.078	1005.850	0.60105
random_n500_d10	hk_tau2	0.30	8	798.125	801.875	4.458	1050.000	0.68039
random_n500_d10	hk_tau2	0.40	8	809.250	792.125	6.157	1080.450	0.74154
random_n500_d10	hk_tau2	0.50	8	810.500	807.875	5.983	1103.900	0.78894
random_n500_d10	hk_tau2	0.60	8	810.750	801.625	3.914	1127.700	0.82606
random_n500_d10	hk_tau2	0.70	8	799.375	803.750	2.218	1141.625	0.85601
random_n500_d10	hk_tau2	0.80	8	803.500	812.250	4.597	1150.475	0.87980
random_n500_d10	hk_tau2	0.90	8	812.250	806.125	3.921	1159.825	0.89907
random_n500_d10	hk_tau2	1.00	8	796.875	799.000	5.822	1170.550	0.91507
random_n500_d10	hk_tau2	1.10	8	824.500	817.375	5.791	1175.600	0.92838
random_n500_d10	hk_tau2	1.20	8	808.250	811.375	6.486	1175.125	0.93929
random_n500_d10	hk_sched	-1.00	8	745.725	735.025	1.944	735.025	0.00702
random_n500_d10	hk_sched	-0.90	8	744.100	734.400	1.272	734.400	0.01140
random_n500_d10	hk_sched	-0.80	8	744.750	731.000	1.479	731.000	0.01561
random_n500_d10	hk_sched	-0.70	8	741.625	729.175	1.367	729.175	0.02175
random_n500_d10	hk_sched	-0.60	8	747.525	726.375	1.296	726.375	0.03093
random_n500_d10	hk_sched	-0.50	8	751.400	725.175	1.638	725.175	0.04325
random_n500_d10	hk_sched	-0.40	8	757.125	722.250	1.031	722.400	0.06100
random_n500_d10	hk_sched	-0.30	8	757.250	723.700	1.513	724.625	0.08980
random_n500_d10	hk_sched	-0.20	8	772.375	722.975	1.192	726.000	0.12789
random_n500_d10	hk_sched	-0.10	8	788.625	726.575	1.743	735.950	0.17783
random_n500_d10	hk_sched	0.00	8	795.500	736.150	1.581	755.700	0.24292
random_n500_d10	hk_sched	0.10	8	795.000	751.000	4.334	790.550	0.32391
random_n500_d10	hk_sched	0.20	8	797.325	763.225	4.021	840.725	0.41551
random_n500_d10	hk_sched	0.30	8	809.375	770.025	3.478	901.325	0.50871
random_n500_d10	hk_sched	0.40	8	810.750	793.875	6.206	954.325	0.59326
random_n500_d10	hk_sched	0.50	8	813.000	798.125	5.360	1003.700	0.66606
random_n500_d10	hk_sched	0.60	8	802.125	804.000	5.110	1043.075	0.72729
random_n500_d10	hk_sched	0.70	8	817.250	811.750	3.468	1073.000	0.77711
random_n500_d10	hk_sched	0.80	8	810.625	807.125	4.991	1098.450	0.81819
random_n500_d10	hk_sched	0.90	8	806.375	809.375	6.210	1118.200	0.85121
random_n500_d10	hk_sched	1.00	8	810.500	809.750	4.096	1136.250	0.87796
random_n500_d10	hk_sched	1.10	8	818.500	798.250	4.550	1147.375	0.89993
random_n500_d10	hk_sched	1.20	8	806.375	799.625	5.345	1151.300	0.91776
random_n500_d20	none	-1.00	8	1785.900	1775.450	5.148	1775.450	0.00248
random_n500_d20	none	-0.90	8	1791.500	1769.525	6.534	1769.525	0.00311
random_n500_d20	none	-0.80	8	1781.475	1765.725	3.503	1765.725	0.00417
random_n500_d20	none	-0.70	8	1769.600	1756.475	3.413	1756.475	0.00569
random_n500_d20	none	-0.60	8	1765.875	1758.175	5.333	1758.175	0.00822
random_n500_d20	none	-0.50	8	1763.625	1744.975	2.980	1744.975	0.01107
random_n500_d20	none	-0.40	8	1747.750	1740.725	2.799	1740.750	0.01674
random_n500_d20	none	-0.30	8	1749.350	1737.025	1.346	1737.150	0.02531
random_n500_d20	none	-0.20	8	1749.950	1732.575	1.959	1733.325	0.03841
random_n500_d20	none	-0.10	8	1743.700	1732.150	1.840	1734.000	0.05660
random_n500_d20	none	0.00	8	1739.975	1725.725	1.518	1733.225	0.08446
random_n500_d20	none	0.10	8	1744.400	1730.775	2.178	1752.450	0.12813
random_n500_d20	none	0.20	8	1750.175	1742.075	2.498	1785.725	0.19083
random_n500_d20	none	0.30	8	1776.075	1762.600	3.940	1853.250	0.27731
random_n500_d20	none	0.40	8	1788.450	1785.750	6.132	1944.050	0.37930
random_n500_d20	none	0.50	8	1810.800	1799.075	6.264	2020.850	0.47990
random_n500_d20	none	0.60	8	1825.675	1820.325	9.366	2094.525	0.57127
random_n500_d20	none	0.70	8	1815.350	1816.825	3.929	2158.925	0.65082
random_n500_d20	none	0.80	8	1817.950	1818.950	6.484	2208.550	0.71622
random_n500_d20	none	0.90	8	1823.950	1828.700	9.732	2233.775	0.77081
random_n500_d20	none	1.00	8	1834.100	1827.250	5.839	2265.650	0.81524
random_n500_d20	none	1.10	8	1827.725	1834.750	7.516	2286.775	0.85105
random_n500_d20	none	1.20	8	1839.500	1827.950	7.524	2319.075	0.87979
random_n500_d20	rk1	-1.00	8	1834.075	1806.125	5.431	1810.100	0.00045
random_n500_d20	rk1	-0.90	8	1821.000	1802.750	5.849	1803.775	0.00045
random_n500_d20	rk1	-0.80	8	1819.025	1791.825	5.996	1793.625	0.00050
random_n500_d20	rk1	-0.70	8	1815.875	1799.900	5.756	1801.425	0.00050
random_n500_d20	rk1	-0.60	8	1812.475	1793.250	3.634	1794.300	0.00055
random_n500_d20	rk1	-0.50	8	1807.850	1786.400	5.585	1789.175	0.00062
random_n500_d20	rk1	-0.40	8	1810.500	1783.400	5.411	1785.075	0.00071
random_n500_d20	rk1	-0.30	8	1812.450	1782.375	7.345	1786.475	0.00089
random_n500_d20	rk1	-0.20	8	1808.850	1764.825	5.601	1771.400	0.00134
random_n500_d20	rk1	-0.10	8	1796.725	1755.375	3.471	1764.125	0.00229
random_n500_d20	rk1	0.00	8	1798.850	1758.075	2.567	1771.300	0.00497
random_n500_d20	rk1	0.10	8	1780.825	1740.900	3.947	1774.925	0.01031
random_n500_d20	rk1	0.20	8	1783.600	1751.825	4.601	1807.925	0.02611
random_n500_d20	rk1	0.30	8	1781.400	1760.800	4.159	1871.350	0.06166
random_n500_d20	rk1	0.40	8	1807.025	1791.850	4.064	1954.100	0.13106
random_n500_d20	rk1	0.50	8	1815.825	1809.325	6.344	2034.425	0.22367
random_n500_d20	rk1	0.60	8	1822.600	1809.075	7.577	2101.975	0.33006
random_n500_d20	rk1	0.70	8	1814.225	1819.450	4.501	2155.475	0.43478
random_n500_d20	rk1	0.80	8	1830.450	1821.925	5.986	2207.300	0.53181
random_n500_d20	rk1	0.90	8	1825.075	1820.750	10.509	2236.025	0.61585
random_n500_d20	rk1	1.00	8	1837.575	1838.400	9.016	2265.550	0.68767
random_n500_d20	rk1	1.10	8	1832.350	1840.200	7.524	2295.400	0.74627
random_n500_d20	rk1	1.20	8	1832.100	1817.825	5.380	2307.475	0.79540
random_n500_d20	rk4	-1.00	8	1810.700	1791.075	7.888	1792.075	0.00046
random_n500_d20	rk4	-0.90	8	1826.125	1815.825	5.316	1817.350	0.00046
random_n500_d20	rk4	-0.80	8	1812.600	1794.975	3.665	1795.350	0.00051
random_n500_d20	rk4	-0.70	8	1800.725	1779.400	5.733	1779.525	0.00056
random_n500_d20	rk4	-0.60	8	1803.200	1773.500	7.473	1775.975	0.00069
random_n500_d20	rk4	-0.50	8	1803.750	1773.975	3.985	1774.100	0.00097
random_n500_d20	rk4	-0.40	8	1784.700	1758.575	4.398	1759.150	0.00155
random_n500_d20	rk4	-0.30	8	1774.125	1752.225	5.158	1752.700	0.00375
random_n500_d20	rk4	-0.20	8	1758.900	1737.450	2.193	1738.500	0.00771
random_n500_d20	rk4	-0.10	8	1756.100	1735.325	2.110	1739.525	0.01706
random_n500_d20	rk4	0.00	8	1748.475	1732.650	2.854	1741.550	0.03359
random_n500_d20	rk4	0.10	8	1749.475	1735.950	2.022	1757.275	0.06174
random_n500_d20	rk4	0.20	8	1767.925	1740.700	1.735	1797.025	0.11061
random_n500_d20	rk4	0.30	8	1768.625	1757.950	4.812	1863.325	0.18580
random_n500_d20	rk4	0.40	8	1797.325	1784.625	5.210	1940.450	0.28399
random_n500_d20	rk4	0.50	8	1812.750	1819.100	6.388	2023.100	0.38995
random_n500_d20	rk4	0.60	8	1834.625	1807.625	7.929	2101.375	0.49103
random_n500_d20	rk4	0.70	8	1820.500	1830.050	6.880	2152.725	0.58149
random_n500_d20	rk4	0.80	8	1811.850	1821.350	5.959	2205.550	0.65893
random_n500_d20	rk4	0.90	8	1822.000	1815.300	4.758	2237.150	0.72369
random_n500_d20	rk4	1.00	8	1835.625	1817.075	7.443	2269.525	0.77635
random_n500_d20	rk4	1.10	8	1826.275	1845.450	5.496	2291.475	0.81947
random_n500_d20	rk4	1.20	8	1840.750	1829.475	11.345	2312.225	0.85437
random_n500_d20	nsm_rho1	-1.00	8	1782.575	1770.550	4.903	1770.550	0.00552
random_n500_d20	nsm_rho1	-0.90	8	1782.250	1770.225	4.301	1770.225	0.00657
random_n500_d20	nsm_rho1	-0.80	8	1775.600	1767.450	4.525	1767.450	0.00820
random_n500_d20	nsm_rho1	-0.70	8	1775.225	1760.225	5.261	1760.225	0.00961
random_n500_d20	nsm_rho1	-0.60	8	1765.625	1753.750	5.009	1753.750	0.01168
random_n500_d20	nsm_rho1	-0.50	8	1753.775	1744.050	3.331	1744.225	0.01593
random_n500_d20	nsm_rho1	-0.40	8	1751.850	1743.975	3.821	1744.000	0.01990
random_n500_d20	nsm_rho1	-0.30	8	1746.100	1733.975	3.610	1734.025	0.02819
random_n500_d20	nsm_rho1	-0.20	8	1740.250	1730.950	2.344	1732.150	0.04146
random_n500_d20	nsm_rho1	-0.10	8	1746.850	1733.325	2.228	1737.325	0.06255
random_n500_d20	nsm_rho1	0.00	8	1741.125	1730.125	3.420	1740.200	0.09016
random_n500_d20	nsm_rho1	0.10	8	1749.300	1733.800	1.562	1757.550	0.13397
random_n500_d20	nsm_rho1	0.20	8	1755.925	1738.100	2.363	1791.475	0.19693
random_n500_d20	nsm_rho1	0.30	8	1779.250	1771.375	2.639	1858.400	0.28277
random_n500_d20	nsm_rho1	0.40	8	1793.075	1781.650	3.692	1946.275	0.38362
random_n500_d20	nsm_rho1	0.50	8	1804.100	1816.025	9.960	2024.675	0.48456
random_n500_d20	nsm_rho1	0.60	8	1810.975	1820.500	6.467	2100.725	0.57516
random_n500_d20	nsm_rho1	0.70	8	1835.000	1816.750	11.272	2147.475	0.65395
random_n500_d20	nsm_rho1	0.80	8	1821.200	1829.750	8.385	2200.750	0.71947
random_n500_d20	nsm_rho1	0.90	8	1824.050	1827.625	10.912	2233.550	0.77312
random_n500_d20	nsm_rho1	1.00	8	1824.900	1830.975	11.572	2267.675	0.81726
random_n500_d20	nsm_rho1	1.10	8	1837.400	1825.850	5.902	2289.900	0.85257
random_n500_d20	nsm_rho1	1.20	8	1840.600	1842.500	7.718	2307.250	0.88087
random_n500_d20	nsm_rho0.5	-1.00	8	1784.425	1774.925	4.063	1774.925	0.00619
random_n500_d20	nsm_rho0.5	-0.90	8	1772.250	1761.650	6.524	1761.650	0.00666
random_n500_d20	nsm_rho0.5	-0.80	8	1769.000	1760.625	4.971	1760.625	0.00787
random_n500_d20	nsm_rho0.5	-0.70	8	1770.125	1758.075	4.288	1758.075	0.00974
random_n500_d20	nsm_rho0.5	-0.60	8	1774.625	1757.625	4.275	1757.625	0.01184
random_n500_d20	nsm_rho0.5	-0.50	8	1754.375	1746.375	3.887	1746.375	0.01496
random_n500_d20	nsm_rho0.5	-0.40	8	1748.125	1735.125	2.823	1735.150	0.02029
random_n500_d20	nsm_rho0.5	-0.30	8	1755.200	1738.100	2.275	1738.275	0.02932
random_n500_d20	nsm_rho0.5	-0.20	8	1749.325	1731.950	2.881	1733.000	0.04088
random_n500_d20	nsm_rho0.5	-0.10	8	1743.200	1730.300	2.818	1733.325	0.06007
random_n500_d20	nsm_rho0.5	0.00	8	1742.150	1730.100	2.454	1739.150	0.08889
random_n500_d20	nsm_rho0.5	0.10	8	1740.850	1735.450	1.599	1758.175	0.13345
random_n500_d20	nsm_rho0.5	0.20	8	1753.625	1737.825	2.718	1793.025	0.19597
random_n500_d20	nsm_rho0.5	0.30	8	1769.100	1771.225	3.930	1852.800	0.28246
random_n500_d20	nsm_rho0.5	0.40	8	1798.475	1784.175	4.880	1946.525	0.38353
random_n500_d20	nsm_rho0.5	0.50	8	1823.475	1810.850	6.820	2017.550	0.48375
random_n500_d20	nsm_rho0.5	0.60	8	1819.700	1831.475	6.351	2088.275	0.57520
random_n500_d20	nsm_rho0.5	0.70	8	1825.950	1818.000	6.361	2152.100	0.65441
random_n500_d20	nsm_rho0.5	0.80	8	1811.400	1819.375	5.237	2200.125	0.71993
random_n500_d20	nsm_rho0.5	0.90	8	1813.225	1828.300	7.636	2237.850	0.77371
random_n500_d20	nsm_rho0.5	1.00	8	1821.325	1822.350	5.563	2260.925	0.81719
random_n500_d20	nsm_rho0.5	1.10	8	1828.625	1834.825	8.037	2286.325	0.85266
random_n500_d20	nsm_rho0.5	1.20	8	1832.975	1835.700	8.772	2314.350	0.88145
random_n500_d20	nsm_erosion	-1.00	8	1776.075	1768.600	2.935	1768.600	0.00649
random_n500_d20	nsm_erosion	-0.90	8	1782.075	1769.025	4.511	1769.025	0.00705
random_n500_d20	nsm_erosion	-0.80	8	1779.025	1765.800	3.304	1765.800	0.00765
random_n500_d20	nsm_erosion	-0.70	8	1776.175	1764.225	2.809	1764.225	0.00879
random_n500_d20	nsm_erosion	-0.60	8	1773.600	1758.450	3.311	1758.450	0.01147
random_n500_d20	nsm_erosion	-0.50	8	1758.850	1744.575	3.902	1744.575	0.01553
random_n500_d20	nsm_erosion	-0.40	8	1750.125	1737.825	3.631	1737.825	0.02007
random_n500_d20	nsm_erosion	-0.30	8	1757.225	1740.500	3.132	1740.750	0.02910
random_n500_d20	nsm_erosion	-0.20	8	1743.950	1734.150	2.685	1735.050	0.04062
random_n500_d20	nsm_erosion	-0.10	8	1736.250	1725.125	1.837	1728.975	0.05867
random_n500_d20	nsm_erosion	0.00	8	1740.125	1727.750	2.118	1737.850	0.08897
random_n500_d20	nsm_erosion	0.10	8	1742.750	1734.150	1.656	1757.000	0.13227
random_n500_d20	nsm_erosion	0.20	8	1760.475	1738.175	3.365	1792.750	0.19460
random_n500_d20	nsm_erosion	0.30	8	1771.700	1759.775	4.387	1858.900	0.28080
random_n500_d20	nsm_erosion	0.40	8	1794.250	1793.625	5.649	1940.375	0.38178
random_n500_d20	nsm_erosion	0.50	8	1798.350	1811.475	6.853	2026.750	0.48224
random_n500_d20	nsm_erosion	0.60	8	1829.125	1800.100	6.477	2092.625	0.57399
random_n500_d20	nsm_erosion	0.70	8	1824.825	1822.675	5.536	2156.300	0.65261
random_n500_d20	nsm_erosion	0.80	8	1834.625	1813.225	5.664	2199.675	0.71878
random_n500_d20	nsm_erosion	0.90	8	1833.600	1838.475	6.972	2243.675	0.77291
random_n500_d20	nsm_erosion	1.00	8	1850.350	1818.975	5.761	2271.150	0.81695
random_n500_d20	nsm_erosion	1.10	8	1833.100	1834.250	6.994	2288.050	0.85265
random_n500_d20	nsm_erosion	1.20	8	1826.375	1841.325	10.067	2319.900	0.88130
random_n500_d20	hk_tau0.5	-1.00	8	1781.150	1769.325	8.551	1769.325	0.00275
random_n500_d20	hk_tau0.5	-0.90	8	1781.500	1766.300	4.889	1766.300	0.00360
random_n500_d20	hk_tau0.5	-0.80	8	1763.325	1751.300	4.021	1751.300	0.00523
random_n500_d20	hk_tau0.5	-0.70	8	1760.350	1742.825	3.321	1742.850	0.00671
random_n500_d20	hk_tau0.5	-0.60	8	1765.625	1746.725	3.302	1746.725	0.00999
random_n500_d20	hk_tau0.5	-0.50	8	1754.550	1738.500	3.989	1738.500	0.01555
random_n500_d20	hk_tau0.5	-0.40	8	1740.700	1731.025	4.192	1731.175	0.02205
random_n500_d20	hk_tau0.5	-0.30	8	1740.175	1730.125	2.235	1730.525	0.03343
random_n500_d20	hk_tau0.5	-0.20	8	1734.900	1730.300	2.167	1732.550	0.05129
random_n500_d20	hk_tau0.5	-0.10	8	1733.975	1727.700	3.056	1732.475	0.07476
random_n500_d20	hk_tau0.5	0.00	8	1747.375	1734.200	2.267	1751.175	0.11609
random_n500_d20	hk_tau0.5	0.10	8	1748.475	1735.175	2.462	1777.375	0.17209
random_n500_d20	hk_tau0.5	0.20	8	1767.950	1750.575	2.496	1830.175	0.25055
random_n500_d20	hk_tau0.5	0.30	8	1784.550	1777.325	2.586	1906.575	0.35232
random_n500_d20	hk_tau0.5	0.40	8	1809.300	1802.475	5.916	1997.600	0.46031
random_n500_d20	hk_tau0.5	0.50	8	1812.700	1814.450	10.667	2080.500	0.55939
random_n500_d20	hk_tau0.5	0.60	8	1826.400	1832.325	8.549	2147.500	0.64250
random_n500_d20	hk_tau0.5	0.70	8	1822.050	1824.225	4.286	2191.350	0.71113
random_n500_d20	hk_tau0.5	0.80	8	1813.475	1825.075	9.418	2229.825	0.76723
random_n500_d20	hk_tau0.5	0.90	8	1847.750	1835.100	8.700	2265.950	0.81237
random_n500_d20	hk_tau0.5	1.00	8	1836.875	1830.375	6.361	2293.300	0.84876
random_n500_d20	hk_tau0.5	1.10	8	1827.725	1825.775	8.719	2309.500	0.87781
random_n500_d20	hk_tau0.5	1.20	8	1834.425	1825.200	5.224	2323.350	0.90103
random_n500_d20	hk_tau2	-1.00	8	1753.075	1746.350	4.956	1747.175	0.00664
random_n500_d20	hk_tau2	-0.90	8	1756.650	1743.025	4.368	1744.125	0.00985
random_n500_d20	hk_tau2	-0.80	8	1745.375	1739.725	4.085	1741.175	0.01495
random_n500_d20	hk_tau2	-0.70	8	1752.350	1742.975	3.092	1744.875	0.02148
random_n500_d20	hk_tau2	-0.60	8	1742.525	1736.625	1.413	1738.050	0.03223
random_n500_d20	hk_tau2	-0.50	8	1750.375	1741.700	1.367	1744.800	0.04971
random_n500_d20	hk_tau2	-0.40	8	1743.525	1737.800	1.951	1745.975	0.07079
random_n500_d20	hk_tau2	-0.30	8	1745.150	1738.775	3.106	1754.325	0.10342
random_n500_d20	hk_tau2	-0.20	8	1747.400	1745.700	1.670	1774.450	0.14945
random_n500_d20	hk_tau2	-0.10	8	1754.125	1748.225	3.635	1806.525	0.21347
random_n500_d20	hk_tau2	0.00	8	1760.625	1761.900	5.250	1869.850	0.30042
random_n500_d20	hk_tau2	0.10	8	1787.600	1780.700	4.643	1947.250	0.41551
random_n500_d20	hk_tau2	0.20	8	1798.050	1803.475	5.500	2051.350	0.53198
random_n500_d20	hk_tau2	0.30	8	1825.500	1813.625	6.144	2141.950	0.62685
random_n500_d20	hk_tau2	0.40	8	1805.350	1811.800	9.024	2196.425	0.70094
random_n500_d20	hk_tau2	0.50	8	1820.475	1815.975	7.582	2236.875	0.75947
random_n500_d20	hk_tau2	0.60	8	1825.500	1832.450	6.110	2266.850	0.80470
random_n500_d20	hk_tau2	0.70	8	1834.100	1808.750	6.166	2293.750	0.84065
random_n500_d20	hk_tau2	0.80	8	1813.400	1832.850	3.706	2319.500	0.86884
random_n500_d20	hk_tau2	0.90	8	1824.325	1834.850	8.928	2326.825	0.89166
random_n500_d20	hk_tau2	1.00	8	1828.700	1821.975	8.879	2347.275	0.91038
random_n500_d20	hk_tau2	1.10	8	1828.975	1817.400	9.266	2346.175	0.92533
random_n500_d20	hk_tau2	1.20	8	1834.475	1826.225	10.959	2362.675	0.93785
random_n500_d20	hk_sched	-1.00	8	1750.500	1743.050	1.369	1743.050	0.00588
random_n500_d20	hk_sched	-0.90	8	1756.475	1740.775	1.542	1740.775	0.00883
random_n500_d20	hk_sched	-0.80	8	1751.625	1742.025	3.007	1742.025	0.01208
random_n500_d20	hk_sched	-0.70	8	1755.800	1736.200	0.490	1736.200	0.01721
random_n500_d20	hk_sched	-0.60	8	1758.625	1737.400	1.837	1737.400	0.02578
random_n500_d20	hk_sched	-0.50	8	1757.325	1733.550	0.867	1733.550	0.03540
random_n500_d20	hk_sched	-0.40	8	1774.750	1732.250	0.530	1732.250	0.05110
random_n500_d20	hk_sched	-0.30	8	1778.225	1733.450	0.818	1733.475	0.07187
random_n500_d20	hk_sched	-0.20	8	1783.150	1730.125	1.868	1730.950	0.10012
random_n500_d20	hk_sched	-0.10	8	1815.575	1730.125	2.681	1733.025	0.13499
random_n500_d20	hk_sched	0.00	8	1820.775	1728.725	1.980	1735.400	0.17895
random_n500_d20	hk_sched	0.10	8	1823.325	1731.150	2.945	1756.350	0.23639
random_n500_d20	hk_sched	0.20	8	1818.775	1741.000	4.319	1794.650	0.30863
random_n500_d20	hk_sched	0.30	8	1833.025	1766.025	4.155	1863.575	0.39645
random_n500_d20	hk_sched	0.40	8	1839.550	1793.125	4.368	1951.175	0.48971
random_n500_d20	hk_sched	0.50	8	1824.850	1806.650	6.371	2036.400	0.57724
random_n500_d20	hk_sched	0.60	8	1823.100	1827.225	4.442	2105.475	0.65331
random_n500_d20	hk_sched	0.70	8	1832.925	1822.825	9.266	2161.600	0.71730
random_n500_d20	hk_sched	0.80	8	1824.600	1832.225	8.393	2212.600	0.77068
random_n500_d20	hk_sched	0.90	8	1826.375	1822.850	5.982	2241.225	0.81384
random_n500_d20	hk_sched	1.00	8	1846.300	1830.475	6.267	2278.000	0.84931
random_n500_d20	hk_sched	1.10	8	1837.700	1827.825	7.179	2293.300	0.87771
random_n500_d20	hk_sched	1.20	8	1836.550	1833.250	8.302	2315.900	0.90085
geometric_n124_d5	none	-1.00	8	16.025	16.000	1.964	16.000	0.00300
geometric_n124_d5	none	-0.90	8	17.650	16.925	1.919	16.925	0.00520
geometric_n124_d5	none	-0.80	8	14.775	12.775	1.600	12.775	0.00487
geometric_n124_d5	none	-0.70	8	14.900	12.675	1.142	12.675	0.00764
geometric_n124_d5	none	-0.60	8	15.225	12.875	1.529	12.875	0.01263
geometric_n124_d5	none	-0.50	8	13.275	11.750	1.549	11.750	0.01690
geometric_n124_d5	none	-0.40	8	10.825	8.100	1.187	8.100	0.02805
geometric_n124_d5	none	-0.30	32	9.419	7.325	0.445	7.325	0.04240
geometric_n124_d5	none	-0.20	32	9.031	6.106	0.044	6.106	0.06903
geometric_n124_d5	none	-0.10	32	6.975	6.075	0.028	6.075	0.10884
geometric_n124_d5	none	0.00	32	7.475	6.531	0.102	6.900	0.16613
geometric_n124_d5	none	0.10	32	8.650	7.838	0.205	9.831	0.24136
geometric_n124_d5	none	0.20	32	9.769	9.369	0.309	15.031	0.33535
geometric_n124_d5	none	0.30	32	12.294	11.375	0.459	22.150	0.43916
geometric_n124_d5	none	0.40	32	14.737	13.031	0.431	33.306	0.55056
geometric_n124_d5	none	0.50	32	15.438	14.506	0.553	44.000	0.65305
geometric_n124_d5	none	0.60	32	14.494	15.781	0.660	55.587	0.73311
geometric_n124_d5	none	0.70	32	16.625	16.062	0.758	65.175	0.79305
geometric_n124_d5	none	0.80	32	18.113	17.331	0.780	72.400	0.83759
geometric_n124_d5	none	0.90	32	16.600	16.831	0.804	76.331	0.87159
geometric_n124_d5	none	1.00	32	18.244	18.481	1.012	82.156	0.89792
geometric_n124_d5	none	1.10	8	17.200	18.850	1.765	85.750	0.91863
geometric_n124_d5	none	1.20	8	16.600	19.500	2.138	85.825	0.93472
geometric_n124_d5	rk1	-1.00	8	18.350	15.575	1.956	15.775	0.00016
geometric_n124_d5	rk1	-0.90	8	15.550	14.175	1.345	14.250	0.00018
geometric_n124_d5	rk1	-0.80	8	12.525	12.150	1.066	12.150	0.00026
geometric_n124_d5	rk1	-0.70	8	13.400	12.725	1.758	12.750	0.00030
geometric_n124_d5	rk1	-0.60	8	13.625	13.250	0.959	13.250	0.00047
geometric_n124_d5	rk1	-0.50	8	16.125	13.650	1.534	13.650	0.00070
geometric_n124_d5	rk1	-0.40	8	18.500	13.100	1.294	13.100	0.00127
geometric_n124_d5	rk1	-0.30	32	13.750	10.706	0.659	10.719	0.00192
geometric_n124_d5	rk1	-0.20	32	12.650	9.625	0.636	9.725	0.00410
geometric_n124_d5	rk1	-0.10	32	12.656	7.681	0.317	8.100	0.00927
geometric_n124_d5	rk1	0.00	32	11.231	7.856	0.196	9.262	0.02148
geometric_n124_d5	rk1	0.10	32	10.444	8.744	0.335	12.387	0.04778
geometric_n124_d5	rk1	0.20	32	11.431	10.256	0.395	17.381	0.09960
geometric_n124_d5	rk1	0.30	32	12.987	11.631	0.425	25.806	0.18332
geometric_n124_d5	rk1	0.40	32	14.738	13.394	0.535	34.831	0.30508
geometric_n124_d5	rk1	0.50	32	14.994	14.600	0.658	45.444	0.44107
geometric_n124_d5	rk1	0.60	32	15.700	16.762	0.780	56.731	0.56090
geometric_n124_d5	rk1	0.70	32	16.725	14.925	0.809	66.337	0.65536
geometric_n124_d5	rk1	0.80	32	17.550	18.119	0.999	72.763	0.72806
geometric_n124_d5	rk1	0.90	32	17.494	17.450	0.810	78.881	0.78467
geometric_n124_d5	rk1	1.00	32	17.706	18.000	0.811	81.631	0.82857
geometric_n124_d5	rk1	1.10	8	17.650	18.150	2.753	83.650	0.86329
geometric_n124_d5	rk1	1.20	8	16.800	18.950	1.935	89.600	0.89101
geometric_n124_d5	rk4	-1.00	8	17.400	16.825	1.675	16.825	0.00011
geometric_n124_d5	rk4	-0.90	8	19.550	18.400	1.220	18.400	0.00014
geometric_n124_d5	rk4	-0.80	8	14.975	13.250	1.236	13.250	0.00025
geometric_n124_d5	rk4	-0.70	8	15.225	13.375	0.765	13.375	0.00040
geometric_n124_d5	rk4	-0.60	8	13.925	12.675	2.057	12.675	0.00109
geometric_n124_d5	rk4	-0.50	8	14.650	11.500	1.106	11.500	0.00255
geometric_n124_d5	rk4	-0.40	8	11.075	9.675	1.002	9.675	0.00646
geometric_n124_d5	rk4	-0.30	8	11.300	7.350	0.930	7.350	0.01412
geometric_n124_d5	rk4	-0.20	8	7.675	7.025	0.968	7.025	0.02770
geometric_n124_d5	rk4	-0.10	8	8.550	6.275	0.119	6.400	0.05411
geometric_n124_d5	rk4	0.00	8	9.300	7.275	0.270	7.875	0.09673
geometric_n124_d5	rk4	0.10	8	9.125	8.625	0.479	11.300	0.15842
geometric_n124_d5	rk4	0.20	8	10.350	9.375	0.493	16.400	0.24208
geometric_n124_d5	rk4	0.30	8	13.525	10.325	0.719	23.375	0.34947
geometric_n124_d5	rk4	0.40	8	11.350	11.125	0.808	34.975	0.47401
geometric_n124_d5	rk4	0.50	8	14.375	14.325	1.112	45.500	0.59133
geometric_n124_d5	rk4	0.60	8	19.050	15.475	1.170	57.425	0.68520
geometric_n124_d5	rk4	0.70	8	16.000	14.150	0.611	66.100	0.75534
geometric_n124_d5	rk4	0.80	8	17.900	16.100	1.567	71.175	0.80815
geometric_n124_d5	rk4	0.90	8	16.350	16.075	1.281	80.525	0.84796
geometric_n124_d5	rk4	1.00	8	17.525	19.825	1.803	82.000	0.87945
geometric_n124_d5	rk4	1.10	8	18.325	21.025	2.247	85.275	0.90410
geometric_n124_d5	rk4	1.20	8	20.375	19.150	1.707	87.750	0.92337
geometric_n124_d5	nsm_rho1	-1.00	8	12.400	12.100	1.332	12.100	0.01954
geometric_n124_d5	nsm_rho1	-0.90	8	11.900	11.875	0.942	11.875	0.01920
geometric_n124_d5	nsm_rho1	-0.80	8	13.650	13.150	0.905	13.150	0.01982
geometric_n124_d5	nsm_rho1	-0.70	8	11.400	9.875	1.076	9.875	0.02350
geometric_n124_d5	nsm_rho1	-0.60	8	14.100	11.375	1.003	11.375	0.02750
geometric_n124_d5	nsm_rho1	-0.50	8	11.975	10.350	1.132	10.350	0.03263
geometric_n124_d5	nsm_rho1	-0.40	8	11.850	10.275	1.230	10.275	0.04259
geometric_n124_d5	nsm_rho1	-0.30	32	9.894	7.325	0.466	7.325	0.05783
geometric_n124_d5	nsm_rho1	-0.20	32	7.319	6.069	0.017	6.069	0.08383
geometric_n124_d5	nsm_rho1	-0.10	32	7.006	6.213	0.057	6.213	0.12542
geometric_n124_d5	nsm_rho1	0.00	32	7.644	6.956	0.137	7.875	0.18435
geometric_n124_d5	nsm_rho1	0.10	32	9.056	8.212	0.223	11.100	0.25869
geometric_n124_d5	nsm_rho1	0.20	32	10.581	9.838	0.376	16.294	0.34992
geometric_n124_d5	nsm_rho1	0.30	32	11.587	11.075	0.449	24.238	0.45269
geometric_n124_d5	nsm_rho1	0.40	32	13.681	13.131	0.490	34.175	0.56250
geometric_n124_d5	nsm_rho1	0.50	32	15.175	13.956	0.680	45.113	0.66363
geometric_n124_d5	nsm_rho1	0.60	32	16.562	16.188	0.752	56.131	0.74166
geometric_n124_d5	nsm_rho1	0.70	32	16.938	16.375	0.831	65.000	0.79956
geometric_n124_d5	nsm_rho1	0.80	32	18.313	15.400	0.702	73.088	0.84296
geometric_n124_d5	nsm_rho1	0.90	32	16.519	16.844	0.859	78.906	0.87583
geometric_n124_d5	nsm_rho1	1.00	32	18.094	17.419	0.965	82.219	0.90144
geometric_n124_d5	nsm_rho1	1.10	8	18.325	14.625	1.350	86.375	0.92140
geometric_n124_d5	nsm_rho1	1.20	8	17.350	17.250	1.740	88.125	0.93715
geometric_n124_d5	nsm_rho0.5	-1.00	8	14.800	14.550	1.447	14.550	0.01867
geometric_n124_d5	nsm_rho0.5	-0.90	8	16.775	16.275	2.119	16.275	0.02122
geometric_n124_d5	nsm_rho0.5	-0.80	8	15.750	14.900	2.020	14.900	0.02209
geometric_n124_d5	nsm_rho0.5	-0.70	8	13.150	12.400	1.532	12.400	0.02345
geometric_n124_d5	nsm_rho0.5	-0.60	8	11.400	10.800	1.824	10.800	0.02635
geometric_n124_d5	nsm_rho0.5	-0.50	8	12.875	11.425	0.865	11.425	0.03246
geometric_n124_d5	nsm_rho0.5	-0.40	8	10.925	7.950	1.108	7.950	0.04082
geometric_n124_d5	nsm_rho0.5	-0.30	8	10.200	6.325	0.151	6.325	0.05731
geometric_n124_d5	nsm_rho0.5	-0.20	8	9.150	6.050	0.033	6.050	0.08261
geometric_n124_d5	nsm_rho0.5	-0.10	8	6.925	6.375	0.128	6.450	0.12293
geometric_n124_d5	nsm_rho0.5	0.00	8	7.775	6.975	0.191	8.000	0.17960
geometric_n124_d5	nsm_rho0.5	0.10	8	8.400	8.275	0.336	11.225	0.25282
geometric_n124_d5	nsm_rho0.5	0.20	8	9.725	10.125	0.658	17.150	0.34605
geometric_n124_d5	nsm_rho0.5	0.30	8	13.500	11.900	0.999	25.200	0.44761
geometric_n124_d5	nsm_rho0.5	0.40	8	12.475	13.000	1.014	31.100	0.55692
geometric_n124_d5	nsm_rho0.5	0.50	8	14.225	15.500	0.900	47.450	0.65899
geometric_n124_d5	nsm_rho0.5	0.60	8	17.500	14.400	1.961	57.925	0.73907
geometric_n124_d5	nsm_rho0.5	0.70	8	15.450	14.600	1.061	62.050	0.79851
geometric_n124_d5	nsm_rho0.5	0.80	8	18.325	16.775	1.762	70.950	0.84270
geometric_n124_d5	nsm_rho0.5	0.90	8	18.625	18.075	2.424	78.300	0.87580
geometric_n124_d5	nsm_rho0.5	1.00	8	20.025	19.225	1.507	82.700	0.90155
geometric_n124_d5	nsm_rho0.5	1.10	8	17.250	15.175	0.623	85.700	0.92132
geometric_n124_d5	nsm_rho0.5	1.20	8	18.500	17.825	1.493	89.050	0.93725
geometric_n124_d5	nsm_erosion	-1.00	8	14.350	13.475	1.906	13.475	0.01876
geometric_n124_d5	nsm_erosion	-0.90	8	14.425	14.050	1.613	14.050	0.01790
geometric_n124_d5	nsm_erosion	-0.80	8	11.400	10.850	0.611	10.850	0.02094
geometric_n124_d5	nsm_erosion	-0.70	8	14.375	12.850	1.384	12.850	0.02313
geometric_n124_d5	nsm_erosion	-0.60	8	12.400	11.525	1.152	11.525	0.02624
geometric_n124_d5	nsm_erosion	-0.50	8	11.625	10.225	1.479	10.225	0.03374
geometric_n124_d5	nsm_erosion	-0.40	8	12.200	9.050	1.272	9.050	0.04082
geometric_n124_d5	nsm_erosion	-0.30	32	9.250	6.969	0.354	6.969	0.05767
geometric_n124_d5	nsm_erosion	-0.20	32	7.281	6.100	0.034	6.100	0.08258
geometric_n124_d5	nsm_erosion	-0.10	32	7.406	6.150	0.045	6.187	0.12195
geometric_n124_d5	nsm_erosion	0.00	32	7.687	6.794	0.111	7.312	0.17826
geometric_n124_d5	nsm_erosion	0.10	32	9.200	8.125	0.183	10.694	0.25296
geometric_n124_d5	nsm_erosion	0.20	32	10.031	9.075	0.323	16.187	0.34359
geometric_n124_d5	nsm_erosion	0.30	32	12.081	11.475	0.499	23.769	0.44444
geometric_n124_d5	nsm_erosion	0.40	32	13.581	12.837	0.603	35.413	0.55113
geometric_n124_d5	nsm_erosion	0.50	32	13.369	14.113	0.586	44.563	0.65010
geometric_n124_d5	nsm_erosion	0.60	32	15.919	15.244	0.788	54.781	0.73014
geometric_n124_d5	nsm_erosion	0.70	32	16.344	15.056	0.865	64.762	0.79092
geometric_n124_d5	nsm_erosion	0.80	32	18.281	16.263	0.775	72.144	0.83660
geometric_n124_d5	nsm_erosion	0.90	32	17.394	16.994	0.884	76.194	0.87131
geometric_n124_d5	nsm_erosion	1.00	32	16.494	16.188	0.790	81.581	0.89811
geometric_n124_d5	nsm_erosion	1.10	8	16.600	16.425	2.026	84.600	0.91929
geometric_n124_d5	nsm_erosion	1.20	8	20.450	19.100	1.322	89.175	0.93562
geometric_n124_d5	hk_tau0.5	-1.00	8	13.200	13.000	1.052	13.000	0.00460
geometric_n124_d5	hk_tau0.5	-0.90	8	16.075	15.400	2.248	15.400	0.00362
geometric_n124_d5	hk_tau0.5	-0.80	8	11.775	11.200	0.880	11.200	0.00442
geometric_n124_d5	hk_tau0.5	-0.70	8	12.775	12.275	2.185	12.275	0.00597
geometric_n124_d5	hk_tau0.5	-0.60	8	15.000	13.825	1.460	13.825	0.01110
geometric_n124_d5	hk_tau0.5	-0.50	8	10.925	8.675	0.890	8.675	0.01203
geometric_n124_d5	hk_tau0.5	-0.40	8	12.025	10.500	1.476	10.500	0.02085
geometric_n124_d5	hk_tau0.5	-0.30	32	9.613	6.819	0.278	6.819	0.02953
geometric_n124_d5	hk_tau0.5	-0.20	32	7.106	6.119	0.044	6.119	0.04867
geometric_n124_d5	hk_tau0.5	-0.10	32	6.469	6.037	0.014	6.037	0.08281
geometric_n124_d5	hk_tau0.5	0.00	32	6.700	6.200	0.055	6.219	0.13657
geometric_n124_d5	hk_tau0.5	0.10	32	7.956	7.287	0.188	8.131	0.21364
geometric_n124_d5	hk_tau0.5	0.20	32	9.506	8.694	0.315	12.906	0.31647
geometric_n124_d5	hk_tau0.5	0.30	32	12.231	10.519	0.351	21.613	0.43882
geometric_n124_d5	hk_tau0.5	0.40	32	13.481	13.362	0.630	33.519	0.56702
geometric_n124_d5	hk_tau0.5	0.50	32	15.263	15.400	0.620	46.450	0.67262
geometric_n124_d5	hk_tau0.5	0.60	32	15.456	15.675	0.716	56.200	0.74968
geometric_n124_d5	hk_tau0.5	0.70	32	16.988	15.800	0.783	65.700	0.80589
geometric_n124_d5	hk_tau0.5	0.80	32	17.806	15.569	0.723	73.950	0.84753
geometric_n124_d5	hk_tau0.5	0.90	32	16.588	16.894	0.850	79.069	0.87925
geometric_n124_d5	hk_tau0.5	1.00	32	18.869	17.637	0.838	83.288	0.90385
geometric_n124_d5	hk_tau0.5	1.10	8	20.525	17.075	1.158	87.250	0.92325
geometric_n124_d5	hk_tau0.5	1.20	8	16.550	16.125	1.386	89.025	0.93855
geometric_n124_d5	hk_tau2	-1.00	8	11.225	11.225	1.056	11.225	0.00136
geometric_n124_d5	hk_tau2	-0.90	8	12.250	11.225	0.807	11.225	0.00316
geometric_n124_d5	hk_tau2	-0.80	8	13.075	11.900	1.068	11.900	0.00372
geometric_n124_d5	hk_tau2	-0.70	8	11.200	10.375	1.011	10.375	0.00668
geometric_n124_d5	hk_tau2	-0.60	8	11.000	10.525	1.658	10.525	0.00756
geometric_n124_d5	hk_tau2	-0.50	8	9.425	9.150	0.923	9.150	0.00838
geometric_n124_d5	hk_tau2	-0.40	8	9.025	7.650	0.586	7.650	0.01242
geometric_n124_d5	hk_tau2	-0.30	32	6.975	6.381	0.076	6.381	0.01726
geometric_n124_d5	hk_tau2	-0.20	32	6.881	6.169	0.058	6.169	0.02862
geometric_n124_d5	hk_tau2	-0.10	32	6.156	6.056	0.016	6.056	0.05016
geometric_n124_d5	hk_tau2	0.00	32	6.212	6.006	0.006	6.006	0.09590
geometric_n124_d5	hk_tau2	0.10	32	7.162	6.437	0.072	6.575	0.17970
geometric_n124_d5	hk_tau2	0.20	32	8.500	7.100	0.193	10.619	0.31193
geometric_n124_d5	hk_tau2	0.30	32	11.413	9.306	0.384	22.481	0.47557
geometric_n124_d5	hk_tau2	0.40	32	12.825	12.475	0.504	38.869	0.61712
geometric_n124_d5	hk_tau2	0.50	32	13.844	14.188	0.694	53.419	0.71426
geometric_n124_d5	hk_tau2	0.60	32	17.294	15.463	0.674	65.794	0.78106
geometric_n124_d5	hk_tau2	0.70	32	15.369	16.469	0.676	72.244	0.82911
geometric_n124_d5	hk_tau2	0.80	32	16.463	15.538	0.652	78.538	0.86519
geometric_n124_d5	hk_tau2	0.90	32	17.294	16.300	0.841	80.019	0.89262
geometric_n124_d5	hk_tau2	1.00	32	18.894	17.706	0.783	85.450	0.91406
geometric_n124_d5	hk_tau2	1.10	8	19.200	16.300	1.275	85.275	0.93120
geometric_n124_d5	hk_tau2	1.20	8	17.650	20.550	1.865	90.400	0.94441
geometric_n124_d5	hk_sched	-1.00	8	9.900	9.325	0.673	9.325	0.00274
geometric_n124_d5	hk_sched	-0.90	8	8.525	8.150	0.713	8.150	0.00283
geometric_n124_d5	hk_sched	-0.80	8	11.175	10.750	0.906	10.750	0.00571
geometric_n124_d5	hk_sched	-0.70	8	9.500	9.025	0.650	9.025	0.00555
geometric_n124_d5	hk_sched	-0.60	8	8.650	8.250	0.579	8.250	0.00766
geometric_n124_d5	hk_sched	-0.50	8	8.175	7.675	0.436	7.675	0.01208
geometric_n124_d5	hk_sched	-0.40	8	9.675	7.225	0.615	7.225	0.02008
geometric_n124_d5	hk_sched	-0.30	32	7.100	6.356	0.079	6.356	0.03153
geometric_n124_d5	hk_sched	-0.20	32	6.731	6.094	0.034	6.094	0.05193
geometric_n124_d5	hk_sched	-0.10	32	6.231	6.044	0.015	6.044	0.08673
geometric_n124_d5	hk_sched	0.00	32	6.100	6.050	0.016	6.050	0.14050
geometric_n124_d5	hk_sched	0.10	32	6.669	6.575	0.097	6.906	0.21940
geometric_n124_d5	hk_sched	0.20	32	8.769	8.244	0.301	12.425	0.32651
geometric_n124_d5	hk_sched	0.30	32	10.619	11.144	0.475	22.506	0.45125
geometric_n124_d5	hk_sched	0.40	32	12.862	12.988	0.618	32.969	0.57448
geometric_n124_d5	hk_sched	0.50	32	14.900	13.406	0.571	45.675	0.67557
geometric_n124_d5	hk_sched	0.60	32	13.944	15.400	0.685	56.319	0.75107
geometric_n124_d5	hk_sched	0.70	32	15.144	15.494	0.758	66.381	0.80652
geometric_n124_d5	hk_sched	0.80	32	17.188	17.250	0.864	73.856	0.84813
geometric_n124_d5	hk_sched	0.90	32	17.450	17.044	0.765	78.306	0.87954
geometric_n124_d5	hk_sched	1.00	32	16.944	18.706	1.017	82.019	0.90399
geometric_n124_d5	hk_sched	1.10	8	20.225	19.075	1.806	86.150	0.92324
geometric_n124_d5	hk_sched	1.20	8	16.050	18.150	1.317	88.750	0.93846
geometric_n124_d10	none	-1.00	8	39.000	39.000	5.369	39.000	0.00421
geometric_n124_d10	none	-0.90	8	36.025	35.400	2.274	35.400	0.00521
geometric_n124_d10	none	-0.80	8	39.450	36.350	2.154	36.350	0.00551
geometric_n124_d10	none	-0.70	8	36.250	36.250	2.989	36.250	0.00832
geometric_n124_d10	none	-0.60	8	36.275	36.275	3.614	36.275	0.00693
geometric_n124_d10	none	-0.50	8	33.425	32.500	3.316	32.500	0.01113
geometric_n124_d10	none	-0.40	8	37.450	36.750	2.188	36.750	0.01035
geometric_n124_d10	none	-0.30	32	31.250	30.537	0.423	30.537	0.01679
geometric_n124_d10	none	-0.20	32	31.369	30.175	0.313	30.175	0.02238
geometric_n124_d10	none	-0.10	32	29.712	29.650	0.321	29.650	0.03186
geometric_n124_d10	none	0.00	32	29.556	29.556	0.333	29.556	0.04889
geometric_n124_d10	none	0.10	32	29.825	29.825	0.318	29.825	0.07422
geometric_n124_d10	none	0.20	32	29.325	29.194	0.348	29.194	0.11667
geometric_n124_d10	none	0.30	32	29.594	27.781	0.279	28.056	0.18280
geometric_n124_d10	none	0.40	32	28.887	27.394	0.171	32.231	0.28330
geometric_n124_d10	none	0.50	32	31.150	30.162	0.805	47.506	0.39713
geometric_n124_d10	none	0.60	32	37.050	32.887	0.900	69.088	0.52289
geometric_n124_d10	none	0.70	32	39.544	37.438	1.664	95.950	0.65274
geometric_n124_d10	none	0.80	32	40.462	38.750	1.896	120.369	0.75210
geometric_n124_d10	none	0.90	32	42.862	44.269	2.206	139.444	0.81763
geometric_n124_d10	none	1.00	32	43.750	40.175	1.469	156.750	0.86163
geometric_n124_d10	none	1.10	8	43.125	40.750	3.226	170.525	0.89341
geometric_n124_d10	none	1.20	8	44.200	42.950	2.434	175.500	0.91685
geometric_n124_d10	rk1	-1.00	8	43.975	43.175	4.209	43.475	0.00016
geometric_n124_d10	rk1	-0.90	8	46.550	44.125	5.667	44.125	0.00024
geometric_n124_d10	rk1	-0.80	8	41.600	41.475	4.322	41.475	0.00024
geometric_n124_d10	rk1	-0.70	8	43.375	37.025	3.476	37.025	0.00030
geometric_n124_d10	rk1	-0.60	8	42.100	37.850	3.487	37.925	0.00036
geometric_n124_d10	rk1	-0.50	8	35.475	32.950	2.420	32.950	0.00042
geometric_n124_d10	rk1	-0.40	8	40.100	37.175	4.939	37.175	0.00047
geometric_n124_d10	rk1	-0.30	32	38.737	35.662	1.906	35.662	0.00059
geometric_n124_d10	rk1	-0.20	32	36.550	31.181	0.827	31.181	0.00077
geometric_n124_d10	rk1	-0.10	32	35.406	30.587	0.650	30.587	0.00119
geometric_n124_d10	rk1	0.00	32	32.981	29.206	0.350	29.206	0.00217
geometric_n124_d10	rk1	0.10	32	30.006	29.450	0.341	29.494	0.00467
geometric_n124_d10	rk1	0.20	32	29.337	28.844	0.353	29.225	0.01075
geometric_n124_d10	rk1	0.30	32	31.106	29.669	0.422	31.888	0.02705
geometric_n124_d10	rk1	0.40	32	32.481	27.850	0.397	38.819	0.06895
geometric_n124_d10	rk1	0.50	32	33.312	30.119	0.629	54.175	0.14429
geometric_n124_d10	rk1	0.60	32	34.244	34.200	0.848	74.512	0.26852
geometric_n124_d10	rk1	0.70	32	40.650	36.731	1.030	100.756	0.43870
geometric_n124_d10	rk1	0.80	32	39.250	39.556	1.668	123.688	0.58954
geometric_n124_d10	rk1	0.90	32	37.737	40.244	1.741	143.750	0.69409
geometric_n124_d10	rk1	1.00	32	42.956	42.606	1.818	158.644	0.76681
geometric_n124_d10	rk1	1.10	8	40.675	43.075	4.948	170.950	0.81996
geometric_n124_d10	rk1	1.20	8	42.900	37.700	2.147	173.000	0.85914
geometric_n124_d10	rk4	-1.00	8	35.225	33.850	1.234	33.850	0.00012
geometric_n124_d10	rk4	-0.90	8	37.225	35.625	2.275	35.625	0.00012
geometric_n124_d10	rk4	-0.80	8	37.075	36.150	3.917	36.150	0.00014
geometric_n124_d10	rk4	-0.70	8	48.300	46.225	4.261	46.225	0.00014
geometric_n124_d10	rk4	-0.60	8	40.175	39.525	3.263	39.525	0.00017
geometric_n124_d10	rk4	-0.50	8	36.750	32.725	1.876	32.725	0.00024
geometric_n124_d10	rk4	-0.40	8	34.325	32.800	2.599	32.800	0.00062
geometric_n124_d10	rk4	-0.30	8	33.650	33.000	1.699	33.000	0.00137
geometric_n124_d10	rk4	-0.20	8	32.625	29.500	0.732	29.500	0.00349
geometric_n124_d10	rk4	-0.10	8	31.550	29.925	0.639	29.925	0.00830
geometric_n124_d10	rk4	0.00	8	29.950	29.950	0.644	29.950	0.01805
geometric_n124_d10	rk4	0.10	8	30.450	30.450	0.494	30.450	0.03617
geometric_n124_d10	rk4	0.20	8	30.700	29.925	0.639	29.925	0.06950
geometric_n124_d10	rk4	0.30	8	29.100	27.525	0.525	27.700	0.11886
geometric_n124_d10	rk4	0.40	8	27.725	28.150	0.757	34.975	0.19902
geometric_n124_d10	rk4	0.50	8	34.000	31.625	1.777	52.275	0.30561
geometric_n124_d10	rk4	0.60	8	35.950	31.175	1.451	72.150	0.44275
geometric_n124_d10	rk4	0.70	8	41.300	37.400	2.822	98.900	0.59410
geometric_n124_d10	rk4	0.80	8	44.025	44.875	4.132	124.500	0.70902
geometric_n124_d10	rk4	0.90	8	40.350	35.000	1.945	142.225	0.78434
geometric_n124_d10	rk4	1.00	8	43.425	41.875	3.993	154.125	0.83654
geometric_n124_d10	rk4	1.10	8	44.500	39.775	3.085	170.975	0.87363
geometric_n124_d10	rk4	1.20	8	47.800	35.175	2.521	177.225	0.90154
geometric_n124_d10	nsm_rho1	-1.00	8	33.975	33.975	2.568	33.975	0.01927
geometric_n124_d10	nsm_rho1	-0.90	8	39.300	37.275	3.985	37.275	0.02018
geometric_n124_d10	nsm_rho1	-0.80	8	39.800	39.325	3.213	39.325	0.01859
geometric_n124_d10	nsm_rho1	-0.70	8	35.475	34.700	1.983	34.700	0.02098
geometric_n124_d10	nsm_rho1	-0.60	8	36.750	32.950	3.239	32.950	0.02362
geometric_n124_d10	nsm_rho1	-0.50	8	38.400	38.400	4.593	38.400	0.02390
geometric_n124_d10	nsm_rho1	-0.40	8	33.800	30.900	1.223	30.900	0.02771
geometric_n124_d10	nsm_rho1	-0.30	32	31.756	30.469	0.715	30.469	0.03386
geometric_n124_d10	nsm_rho1	-0.20	32	30.862	29.862	0.327	29.862	0.03830
geometric_n124_d10	nsm_rho1	-0.10	32	30.537	30.412	0.232	30.412	0.04760
geometric_n124_d10	nsm_rho1	0.00	32	29.169	29.169	0.344	29.169	0.06501
geometric_n124_d10	nsm_rho1	0.10	32	29.287	29.287	0.340	29.287	0.09235
geometric_n124_d10	nsm_rho1	0.20	32	29.712	29.212	0.351	29.212	0.13118
geometric_n124_d10	nsm_rho1	0.30	32	30.119	27.931	0.304	28.925	0.19894
geometric_n124_d10	nsm_rho1	0.40	32	29.819	27.994	0.338	36.025	0.29565
geometric_n124_d10	nsm_rho1	0.50	32	31.387	30.925	0.758	49.988	0.40909
geometric_n124_d10	nsm_rho1	0.60	32	34.387	32.719	1.009	74.231	0.53297
geometric_n124_d10	nsm_rho1	0.70	32	37.719	35.606	1.234	98.369	0.66099
geometric_n124_d10	nsm_rho1	0.80	32	40.181	38.294	1.331	122.938	0.75895
geometric_n124_d10	nsm_rho1	0.90	32	42.975	46.162	1.975	141.481	0.82281
geometric_n124_d10	nsm_rho1	1.00	32	41.019	40.262	1.581	158.969	0.86568
geometric_n124_d10	nsm_rho1	1.10	8	44.525	44.800	3.307	171.500	0.89659
geometric_n124_d10	nsm_rho1	1.20	8	43.050	39.475	2.671	173.400	0.91949
geometric_n124_d10	nsm_rho0.5	-1.00	8	40.375	38.775	3.277	38.775	0.02063
geometric_n124_d10	nsm_rho0.5	-0.90	8	36.750	36.500	2.841	36.500	0.02187
geometric_n124_d10	nsm_rho0.5	-0.80	8	37.075	36.200	3.074	36.200	0.01983
geometric_n124_d10	nsm_rho0.5	-0.70	8	35.375	35.375	2.665	35.375	0.02249
geometric_n124_d10	nsm_rho0.5	-0.60	8	33.525	33.125	1.391	33.125	0.02242
geometric_n124_d10	nsm_rho0.5	-0.50	8	39.075	33.425	2.465	33.425	0.02668
geometric_n124_d10	nsm_rho0.5	-0.40	8	31.950	31.175	0.773	31.175	0.02869
geometric_n124_d10	nsm_rho0.5	-0.30	8	31.600	30.675	0.574	30.675	0.03171
geometric_n124_d10	nsm_rho0.5	-0.20	8	29.900	29.900	0.634	29.900	0.03764
geometric_n124_d10	nsm_rho0.5	-0.10	8	29.675	29.425	0.711	29.425	0.04801
geometric_n124_d10	nsm_rho0.5	0.00	8	30.425	30.425	0.491	30.425	0.06330
geometric_n124_d10	nsm_rho0.5	0.10	8	29.425	29.425	0.711	29.425	0.09070
geometric_n124_d10	nsm_rho0.5	0.20	8	28.500	28.475	0.720	28.475	0.12788
geometric_n124_d10	nsm_rho0.5	0.30	8	28.100	27.125	0.125	27.800	0.19731
geometric_n124_d10	nsm_rho0.5	0.40	8	30.700	28.000	0.656	35.425	0.29162
geometric_n124_d10	nsm_rho0.5	0.50	8	32.050	27.975	0.841	53.375	0.40402
geometric_n124_d10	nsm_rho0.5	0.60	8	42.475	31.550	1.732	72.175	0.52381
geometric_n124_d10	nsm_rho0.5	0.70	8	41.025	33.350	1.568	94.775	0.65228
geometric_n124_d10	nsm_rho0.5	0.80	8	41.350	33.575	1.955	123.475	0.75317
geometric_n124_d10	nsm_rho0.5	0.90	8	36.525	37.525	2.387	136.600	0.82003
geometric_n124_d10	nsm_rho0.5	1.00	8	39.500	41.100	3.194	155.475	0.86441
geometric_n124_d10	nsm_rho0.5	1.10	8	39.550	43.000	4.094	169.475	0.89545
geometric_n124_d10	nsm_rho0.5	1.20	8	41.025	35.475	3.844	176.850	0.91902
geometric_n124_d10	nsm_erosion	-1.00	8	37.725	37.700	4.693	37.700	0.01825
geometric_n124_d10	nsm_erosion	-0.90	8	30.825	30.825	1.237	30.825	0.02272
geometric_n124_d10	nsm_erosion	-0.80	8	34.200	34.200	2.246	34.200	0.02156
geometric_n124_d10	nsm_erosion	-0.70	8	38.725	38.725	2.128	38.725	0.02213
geometric_n124_d10	nsm_erosion	-0.60	8	32.300	32.300	1.870	32.300	0.02316
geometric_n124_d10	nsm_erosion	-0.50	8	33.825	33.825	2.576	33.825	0.02771
geometric_n124_d10	nsm_erosion	-0.40	8	32.125	30.850	1.223	30.850	0.02876
geometric_n124_d10	nsm_erosion	-0.30	32	33.712	30.456	0.556	30.456	0.03206
geometric_n124_d10	nsm_erosion	-0.20	32	30.444	29.450	0.373	29.450	0.03952
geometric_n124_d10	nsm_erosion	-0.10	32	29.012	28.950	0.350	28.950	0.04892
geometric_n124_d10	nsm_erosion	0.00	32	29.087	29.087	0.352	29.087	0.06364
geometric_n124_d10	nsm_erosion	0.10	32	29.656	29.656	0.322	29.656	0.09088
geometric_n124_d10	nsm_erosion	0.20	32	29.981	29.437	0.339	29.444	0.12981
geometric_n124_d10	nsm_erosion	0.30	32	29.306	27.887	0.301	28.800	0.19434
geometric_n124_d10	nsm_erosion	0.40	32	28.944	27.581	0.290	35.675	0.29056
geometric_n124_d10	nsm_erosion	0.50	32	32.487	29.731	0.641	50.900	0.40178
geometric_n124_d10	nsm_erosion	0.60	32	33.737	32.650	0.864	70.756	0.51967
geometric_n124_d10	nsm_erosion	0.70	32	36.006	35.062	1.048	95.794	0.63944
geometric_n124_d10	nsm_erosion	0.80	32	38.944	38.488	1.893	119.863	0.73874
geometric_n124_d10	nsm_erosion	0.90	32	42.975	42.119	1.866	138.419	0.80768
geometric_n124_d10	nsm_erosion	1.00	32	42.094	38.950	1.626	156.662	0.85505
geometric_n124_d10	nsm_erosion	1.10	8	47.775	43.675	2.710	163.200	0.88883
geometric_n124_d10	nsm_erosion	1.20	8	46.300	45.200	4.134	173.950	0.91357
geometric_n124_d10	hk_tau0.5	-1.00	8	41.125	41.125	3.356	41.125	0.00109
geometric_n124_d10	hk_tau0.5	-0.90	8	40.175	39.125	3.158	39.125	0.00330
geometric_n124_d10	hk_tau0.5	-0.80	8	39.600	37.475	3.187	37.475	0.00379
geometric_n124_d10	hk_tau0.5	-0.70	8	37.725	33.350	2.456	33.350	0.00623
geometric_n124_d10	hk_tau0.5	-0.60	8	37.850	37.725	4.826	37.725	0.00781
geometric_n124_d10	hk_tau0.5	-0.50	8	34.650	34.475	2.671	34.475	0.01140
geometric_n124_d10	hk_tau0.5	-0.40	8	27.950	27.950	0.622	27.950	0.01653
geometric_n124_d10	hk_tau0.5	-0.30	32	33.763	30.556	0.487	30.556	0.01494
geometric_n124_d10	hk_tau0.5	-0.20	32	29.987	29.806	0.381	29.806	0.02109
geometric_n124_d10	hk_tau0.5	-0.10	32	29.019	28.956	0.352	28.956	0.02994
geometric_n124_d10	hk_tau0.5	0.00	32	29.481	29.294	0.341	29.294	0.04138
geometric_n124_d10	hk_tau0.5	0.10	32	29.525	29.525	0.328	29.525	0.06401
geometric_n124_d10	hk_tau0.5	0.20	32	29.569	29.312	0.344	29.312	0.09961
geometric_n124_d10	hk_tau0.5	0.30	32	29.319	28.006	0.313	28.006	0.15805
geometric_n124_d10	hk_tau0.5	0.40	32	28.681	27.094	0.052	29.856	0.26037
geometric_n124_d10	hk_tau0.5	0.50	32	29.250	28.931	0.488	45.563	0.39304
geometric_n124_d10	hk_tau0.5	0.60	32	33.281	32.012	1.027	70.787	0.54361
geometric_n124_d10	hk_tau0.5	0.70	32	36.900	37.637	1.478	100.131	0.68303
geometric_n124_d10	hk_tau0.5	0.80	32	43.375	37.675	1.709	125.288	0.77490
geometric_n124_d10	hk_tau0.5	0.90	32	40.237	41.525	1.680	148.300	0.83331
geometric_n124_d10	hk_tau0.5	1.00	32	40.819	41.106	1.758	160.131	0.87290
geometric_n124_d10	hk_tau0.5	1.10	8	43.000	41.225	3.152	172.475	0.90172
geometric_n124_d10	hk_tau0.5	1.20	8	43.200	43.775	3.438	176.350	0.92352
geometric_n124_d10	hk_tau2	-1.00	8	35.050	35.050	3.283	35.050	0.00348
geometric_n124_d10	hk_tau2	-0.90	8	34.475	34.475	2.808	34.475	0.00451
geometric_n124_d10	hk_tau2	-0.80	8	33.350	33.350	2.076	33.350	0.00343
geometric_n124_d10	hk_tau2	-0.70	8	35.300	35.050	2.206	35.050	0.00665
geometric_n124_d10	hk_tau2	-0.60	8	29.700	29.700	1.243	29.700	0.01061
geometric_n124_d10	hk_tau2	-0.50	8	29.575	29.575	1.422	29.575	0.01312
geometric_n124_d10	hk_tau2	-0.40	8	28.450	28.450	1.022	28.450	0.01721
geometric_n124_d10	hk_tau2	-0.30	32	32.437	31.087	0.546	31.087	0.01500
geometric_n124_d10	hk_tau2	-0.20	32	29.969	29.969	0.408	29.969	0.02026
geometric_n124_d10	hk_tau2	-0.10	32	29.869	29.806	0.381	29.806	0.02747
geometric_n124_d10	hk_tau2	0.00	32	30.344	30.094	0.336	30.094	0.03552
geometric_n124_d10	hk_tau2	0.10	32	29.719	29.656	0.322	29.656	0.05176
geometric_n124_d10	hk_tau2	0.20	32	29.031	28.675	0.341	28.675	0.08078
geometric_n124_d10	hk_tau2	0.30	32	29.256	27.119	0.119	27.119	0.13130
geometric_n124_d10	hk_tau2	0.40	32	27.369	27.125	0.059	28.194	0.24644
geometric_n124_d10	hk_tau2	0.50	32	30.537	28.525	0.429	47.300	0.43386
geometric_n124_d10	hk_tau2	0.60	32	33.425	33.625	0.984	81.188	0.62436
geometric_n124_d10	hk_tau2	0.70	32	40.694	37.294	1.191	114.788	0.74536
geometric_n124_d10	hk_tau2	0.80	32	39.337	39.387	1.497	143.056	0.81620
geometric_n124_d10	hk_tau2	0.90	32	41.100	39.969	1.514	158.875	0.86221
geometric_n124_d10	hk_tau2	1.00	32	41.350	37.862	1.637	167.556	0.89405
geometric_n124_d10	hk_tau2	1.10	8	50.275	38.725	3.129	179.675	0.91775
geometric_n124_d10	hk_tau2	1.20	8	46.400	38.050	3.071	183.600	0.93554
geometric_n124_d10	hk_sched	-1.00	8	32.475	32.225	2.135	32.225	0.00469
geometric_n124_d10	hk_sched	-0.90	8	35.200	34.750	2.262	34.750	0.00323
geometric_n124_d10	hk_sched	-0.80	8	38.700	36.100	2.603	36.100	0.00509
geometric_n124_d10	hk_sched	-0.70	8	30.400	28.675	0.846	28.675	0.00899
geometric_n124_d10	hk_sched	-0.60	8	34.525	31.725	1.357	31.725	0.00823
geometric_n124_d10	hk_sched	-0.50	8	33.800	30.425	1.088	30.425	0.01206
geometric_n124_d10	hk_sched	-0.40	8	31.650	29.900	0.895	29.900	0.01287
geometric_n124_d10	hk_sched	-0.30	32	30.806	29.481	0.381	29.481	0.01718
geometric_n124_d10	hk_sched	-0.20	32	30.700	29.300	0.374	29.300	0.02265
geometric_n124_d10	hk_sched	-0.10	32	30.981	29.794	0.314	29.794	0.03030
geometric_n124_d10	hk_sched	0.00	32	29.500	29.312	0.344	29.312	0.04451
geometric_n124_d10	hk_sched	0.10	32	29.850	29.537	0.330	29.537	0.06798
geometric_n124_d10	hk_sched	0.20	32	29.725	28.931	0.347	28.931	0.10582
geometric_n124_d10	hk_sched	0.30	32	28.156	27.125	0.125	27.131	0.16513
geometric_n124_d10	hk_sched	0.40	32	28.087	27.188	0.070	29.619	0.27226
geometric_n124_d10	hk_sched	0.50	32	32.031	29.094	0.550	46.512	0.41219
geometric_n124_d10	hk_sched	0.60	32	36.313	33.962	0.832	71.662	0.55779
geometric_n124_d10	hk_sched	0.70	32	38.956	36.419	1.467	96.231	0.68704
geometric_n124_d10	hk_sched	0.80	32	40.750	38.206	1.425	123.131	0.77648
geometric_n124_d10	hk_sched	0.90	32	40.425	39.694	1.760	143.631	0.83415
geometric_n124_d10	hk_sched	1.00	32	40.037	38.425	1.491	159.200	0.87369
geometric_n124_d10	hk_sched	1.10	8	45.375	39.250	3.358	169.075	0.90251
geometric_n124_d10	hk_sched	1.20	8	40.825	41.350	3.511	173.375	0.92394
geometric_n124_d20	none	-1.00	8	112.200	112.150	5.353	112.150	0.00136
geometric_n124_d20	none	-0.90	8	125.900	125.900	12.836	125.900	0.00108
geometric_n124_d20	none	-0.80	8	137.625	137.625	15.108	137.625	0.00089
geometric_n124_d20	none	-0.70	8	120.025	113.675	5.794	113.675	0.00333
geometric_n124_d20	none	-0.60	8	113.950	113.950	4.427	113.950	0.00347
geometric_n124_d20	none	-0.50	8	138.950	138.950	11.105	138.950	0.00531
geometric_n124_d20	none	-0.40	8	111.375	111.375	5.037	111.375	0.00534
geometric_n124_d20	none	-0.30	32	112.175	111.631	2.241	111.631	0.00757
geometric_n124_d20	none	-0.20	32	114.875	113.850	3.328	113.850	0.01090
geometric_n124_d20	none	-0.10	32	114.294	110.425	1.736	110.425	0.01456
geometric_n124_d20	none	0.00	32	108.588	108.588	1.852	108.588	0.02013
geometric_n124_d20	none	0.10	32	112.356	112.356	1.552	112.356	0.03029
geometric_n124_d20	none	0.20	32	109.531	109.531	1.743	109.531	0.04041
geometric_n124_d20	none	0.30	32	108.588	108.588	1.852	108.588	0.05880
geometric_n124_d20	none	0.40	32	112.025	111.413	1.724	111.413	0.09233
geometric_n124_d20	none	0.50	32	110.181	103.875	1.907	103.875	0.12795
geometric_n124_d20	none	0.60	32	100.981	96.200	0.000	96.475	0.19460
geometric_n124_d20	none	0.70	32	98.131	96.200	0.000	110.631	0.31836
geometric_n124_d20	none	0.80	32	105.856	101.431	1.864	153.062	0.47416
geometric_n124_d20	none	0.90	32	106.606	104.462	2.122	210.781	0.64368
geometric_n124_d20	none	1.00	32	110.662	110.675	2.410	267.181	0.76823
geometric_n124_d20	none	1.10	8	123.000	109.675	3.974	313.300	0.83839
geometric_n124_d20	none	1.20	8	110.300	114.775	2.743	339.875	0.88180
geometric_n124_d20	rk1	-1.00	8	127.500	127.500	9.461	129.550	0.00014
geometric_n124_d20	rk1	-0.90	8	106.425	106.425	3.885	107.375	0.00016
geometric_n124_d20	rk1	-0.80	8	115.300	115.300	4.769	116.425	0.00015
geometric_n124_d20	rk1	-0.70	8	115.000	114.950	2.737	116.925	0.00015
geometric_n124_d20	rk1	-0.60	8	123.000	122.900	11.923	123.200	0.00018
geometric_n124_d20	rk1	-0.50	8	128.450	128.000	11.957	128.000	0.00018
geometric_n124_d20	rk1	-0.40	8	111.475	111.475	6.308	111.475	0.00022
geometric_n124_d20	rk1	-0.30	32	113.706	113.681	2.809	113.681	0.00027
geometric_n124_d20	rk1	-0.20	32	114.819	107.719	2.041	107.719	0.00037
geometric_n124_d20	rk1	-0.10	32	122.144	116.963	2.451	116.963	0.00055
geometric_n124_d20	rk1	0.00	32	114.269	108.681	1.866	108.681	0.00070
geometric_n124_d20	rk1	0.10	32	109.050	109.013	1.793	109.013	0.00096
geometric_n124_d20	rk1	0.20	32	113.806	111.650	1.617	111.650	0.00164
geometric_n124_d20	rk1	0.30	32	110.725	110.613	1.759	110.613	0.00302
geometric_n124_d20	rk1	0.40	32	111.925	111.900	1.647	112.019	0.00683
geometric_n124_d20	rk1	0.50	32	112.488	112.488	1.705	113.812	0.01633
geometric_n124_d20	rk1	0.60	32	104.256	97.519	0.920	103.631	0.03649
geometric_n124_d20	rk1	0.70	32	99.812	96.812	0.612	119.725	0.09906
geometric_n124_d20	rk1	0.80	32	105.587	101.231	1.807	163.906	0.22885
geometric_n124_d20	rk1	0.90	32	112.213	107.975	2.079	220.200	0.43730
geometric_n124_d20	rk1	1.00	32	110.381	114.350	2.811	272.475	0.61973
geometric_n124_d20	rk1	1.10	8	114.175	111.775	5.299	309.550	0.73121
geometric_n124_d20	rk1	1.20	8	117.275	118.650	4.206	349.975	0.80245
geometric_n124_d20	rk4	-1.00	8	125.600	123.500	7.636	123.550	0.00012
geometric_n124_d20	rk4	-0.90	8	127.425	127.350	12.089	127.350	0.00011
geometric_n124_d20	rk4	-0.80	8	114.225	114.225	4.815	114.750	0.00012
geometric_n124_d20	rk4	-0.70	8	109.250	109.200	3.831	109.200	0.00012
geometric_n124_d20	rk4	-0.60	8	113.175	113.175	7.322	113.175	0.00012
geometric_n124_d20	rk4	-0.50	8	116.200	106.750	4.008	106.800	0.00013
geometric_n124_d20	rk4	-0.40	8	108.875	108.875	3.733	108.875	0.00013
geometric_n124_d20	rk4	-0.30	8	119.725	108.825	3.714	108.825	0.00017
geometric_n124_d20	rk4	-0.20	8	113.875	113.825	4.556	113.825	0.00030
geometric_n124_d20	rk4	-0.10	8	106.800	106.750	4.008	106.750	0.00072
geometric_n124_d20	rk4	0.00	8	111.275	111.275	3.310	111.275	0.00232
geometric_n124_d20	rk4	0.10	8	115.225	115.225	2.760	115.225	0.00637
geometric_n124_d20	rk4	0.20	8	115.600	115.600	2.796	115.600	0.01504
geometric_n124_d20	rk4	0.30	8	112.025	112.025	3.488	112.025	0.02856
geometric_n124_d20	rk4	0.40	8	114.150	111.650	3.403	111.650	0.05304
geometric_n124_d20	rk4	0.50	8	115.225	107.175	4.164	107.225	0.09094
geometric_n124_d20	rk4	0.60	8	104.825	96.200	0.000	97.500	0.14891
geometric_n124_d20	rk4	0.70	8	101.850	96.200	0.000	119.000	0.25431
geometric_n124_d20	rk4	0.80	8	101.150	101.100	3.208	164.200	0.40728
geometric_n124_d20	rk4	0.90	8	113.550	109.700	5.666	218.450	0.59526
geometric_n124_d20	rk4	1.00	8	115.150	111.450	6.464	278.650	0.73229
geometric_n124_d20	rk4	1.10	8	121.250	112.775	3.670	315.800	0.81186
geometric_n124_d20	rk4	1.20	8	124.750	115.700	9.276	343.950	0.86167
geometric_n124_d20	nsm_rho1	-1.00	8	113.575	113.575	4.384	113.575	0.01907
geometric_n124_d20	nsm_rho1	-0.90	8	111.650	111.650	3.403	111.650	0.01916
geometric_n124_d20	nsm_rho1	-0.80	8	119.775	119.775	9.325	119.775	0.01846
geometric_n124_d20	nsm_rho1	-0.70	8	115.125	115.125	8.452	115.125	0.01966
geometric_n124_d20	nsm_rho1	-0.60	8	127.975	127.975	12.044	127.975	0.01976
geometric_n124_d20	nsm_rho1	-0.50	8	130.175	130.175	11.335	130.175	0.02158
geometric_n124_d20	nsm_rho1	-0.40	8	122.250	122.250	12.546	122.250	0.02259
geometric_n124_d20	nsm_rho1	-0.30	32	112.731	112.731	2.085	112.731	0.02333
geometric_n124_d20	nsm_rho1	-0.20	32	109.744	108.175	1.981	108.175	0.02523
geometric_n124_d20	nsm_rho1	-0.10	32	111.800	109.812	1.782	109.812	0.03014
geometric_n124_d20	nsm_rho1	0.00	32	114.050	114.050	1.402	114.050	0.03917
geometric_n124_d20	nsm_rho1	0.10	32	110.331	110.331	1.724	110.331	0.04441
geometric_n124_d20	nsm_rho1	0.20	32	111.506	111.506	1.735	111.506	0.05901
geometric_n124_d20	nsm_rho1	0.30	32	109.294	109.294	1.834	109.294	0.07503
geometric_n124_d20	nsm_rho1	0.40	32	112.413	112.400	1.694	112.400	0.10829
geometric_n124_d20	nsm_rho1	0.50	32	106.175	102.312	1.761	102.469	0.14028
geometric_n124_d20	nsm_rho1	0.60	32	101.606	96.200	0.000	97.631	0.20660
geometric_n124_d20	nsm_rho1	0.70	32	97.425	96.200	0.000	119.150	0.33056
geometric_n124_d20	nsm_rho1	0.80	32	104.919	99.150	1.431	155.194	0.48304
geometric_n124_d20	nsm_rho1	0.90	32	112.138	106.625	1.897	217.606	0.65120
geometric_n124_d20	nsm_rho1	1.00	32	114.019	108.156	2.302	272.306	0.77323
geometric_n124_d20	nsm_rho1	1.10	8	109.275	123.675	9.033	312.375	0.84214
geometric_n124_d20	nsm_rho1	1.20	8	109.100	117.850	11.325	349.675	0.88481
geometric_n124_d20	nsm_rho0.5	-1.00	8	115.550	115.550	5.605	115.550	0.01867
geometric_n124_d20	nsm_rho0.5	-0.90	8	112.025	112.025	3.488	112.025	0.01935
geometric_n124_d20	nsm_rho0.5	-0.80	8	117.750	117.750	8.919	117.750	0.01832
geometric_n124_d20	nsm_rho0.5	-0.70	8	109.200	109.200	3.831	109.200	0.01892
geometric_n124_d20	nsm_rho0.5	-0.60	8	114.200	114.200	4.594	114.200	0.01943
geometric_n124_d20	nsm_rho0.5	-0.50	8	103.550	103.550	3.586	103.550	0.01992
geometric_n124_d20	nsm_rho0.5	-0.40	8	108.450	108.450	3.586	108.450	0.02422
geometric_n124_d20	nsm_rho0.5	-0.30	8	129.275	120.075	12.388	120.075	0.02413
geometric_n124_d20	nsm_rho0.5	-0.20	8	115.075	113.150	3.699	113.150	0.02789
geometric_n124_d20	nsm_rho0.5	-0.10	8	110.750	108.825	3.714	108.825	0.03114
geometric_n124_d20	nsm_rho0.5	0.00	8	113.950	112.025	3.488	112.025	0.03866
geometric_n124_d20	nsm_rho0.5	0.10	8	107.500	107.500	4.271	107.500	0.04560
geometric_n124_d20	nsm_rho0.5	0.20	8	114.850	114.850	2.715	114.850	0.06146
geometric_n124_d20	nsm_rho0.5	0.30	8	111.650	111.650	3.403	111.650	0.07642
geometric_n124_d20	nsm_rho0.5	0.40	8	107.225	104.675	4.135	104.675	0.09832
geometric_n124_d20	nsm_rho0.5	0.50	8	109.725	104.675	4.135	104.675	0.13972
geometric_n124_d20	nsm_rho0.5	0.60	8	99.025	96.200	0.000	98.725	0.20342
geometric_n124_d20	nsm_rho0.5	0.70	8	96.200	96.200	0.000	114.475	0.32179
geometric_n124_d20	nsm_rho0.5	0.80	8	101.475	99.775	3.575	152.400	0.47275
geometric_n124_d20	nsm_rho0.5	0.90	8	101.750	103.975	3.812	208.250	0.63506
geometric_n124_d20	nsm_rho0.5	1.00	8	110.150	104.175	3.929	274.325	0.76472
geometric_n124_d20	nsm_rho0.5	1.10	8	112.725	121.100	6.551	315.200	0.83861
geometric_n124_d20	nsm_rho0.5	1.20	8	118.175	117.050	8.878	341.475	0.88282
geometric_n124_d20	nsm_erosion	-1.00	8	118.100	118.100	6.173	118.100	0.01865
geometric_n124_d20	nsm_erosion	-0.90	8	111.450	111.450	6.464	111.450	0.01759
geometric_n124_d20	nsm_erosion	-0.80	8	113.200	113.200	4.336	113.200	0.01925
geometric_n124_d20	nsm_erosion	-0.70	8	127.650	127.650	11.335	127.650	0.01843
geometric_n124_d20	nsm_erosion	-0.60	8	120.575	120.575	8.374	120.575	0.01928
geometric_n124_d20	nsm_erosion	-0.50	8	121.725	121.725	5.146	121.725	0.02052
geometric_n124_d20	nsm_erosion	-0.40	8	126.950	124.050	6.557	124.050	0.02268
geometric_n124_d20	nsm_erosion	-0.30	32	121.462	116.319	3.596	116.319	0.02416
geometric_n124_d20	nsm_erosion	-0.20	32	115.613	112.506	1.786	112.506	0.02843
geometric_n124_d20	nsm_erosion	-0.10	32	114.119	113.156	1.483	113.156	0.03148
geometric_n124_d20	nsm_erosion	0.00	32	109.387	109.387	1.847	109.387	0.03678
geometric_n124_d20	nsm_erosion	0.10	32	108.963	108.963	1.907	108.963	0.04532
geometric_n124_d20	nsm_erosion	0.20	32	108.681	108.681	1.866	108.681	0.05600
geometric_n124_d20	nsm_erosion	0.30	32	108.506	108.494	1.837	108.494	0.07310
geometric_n124_d20	nsm_erosion	0.40	32	110.744	110.706	1.771	110.706	0.10402
geometric_n124_d20	nsm_erosion	0.50	32	111.263	105.737	1.949	105.875	0.14459
geometric_n124_d20	nsm_erosion	0.60	32	101.794	96.200	0.000	98.119	0.20204
geometric_n124_d20	nsm_erosion	0.70	32	97.519	96.812	0.612	115.744	0.32137
geometric_n124_d20	nsm_erosion	0.80	32	103.175	99.369	1.326	153.612	0.46686
geometric_n124_d20	nsm_erosion	0.90	32	107.731	109.062	2.366	210.556	0.61936
geometric_n124_d20	nsm_erosion	1.00	32	107.675	110.694	2.287	268.669	0.74540
geometric_n124_d20	nsm_erosion	1.10	8	118.650	122.275	8.557	311.975	0.82296
geometric_n124_d20	nsm_erosion	1.20	8	105.100	116.300	8.816	347.550	0.87153
geometric_n124_d20	hk_tau0.5	-1.00	8	140.825	138.075	7.596	138.075	0.00135
geometric_n124_d20	hk_tau0.5	-0.90	8	115.825	108.550	5.231	108.550	0.00239
geometric_n124_d20	hk_tau0.5	-0.80	8	118.550	118.550	8.772	118.550	0.00238
geometric_n124_d20	hk_tau0.5	-0.70	8	112.400	112.400	3.565	112.400	0.00212
geometric_n124_d20	hk_tau0.5	-0.60	8	113.650	113.650	5.965	113.650	0.00369
geometric_n124_d20	hk_tau0.5	-0.50	8	109.650	109.650	5.654	109.650	0.00550
geometric_n124_d20	hk_tau0.5	-0.40	8	111.375	111.375	5.037	111.375	0.00631
geometric_n124_d20	hk_tau0.5	-0.30	32	111.506	111.506	2.198	111.506	0.00721
geometric_n124_d20	hk_tau0.5	-0.20	32	119.525	119.525	2.135	119.525	0.01159
geometric_n124_d20	hk_tau0.5	-0.10	32	110.406	109.863	2.193	109.863	0.01470
geometric_n124_d20	hk_tau0.5	0.00	32	114.006	112.562	1.985	112.562	0.02010
geometric_n124_d20	hk_tau0.5	0.10	32	110.944	110.944	1.670	110.944	0.02654
geometric_n124_d20	hk_tau0.5	0.20	32	111.413	111.413	1.724	111.413	0.03945
geometric_n124_d20	hk_tau0.5	0.30	32	111.038	111.038	1.681	111.038	0.05554
geometric_n124_d20	hk_tau0.5	0.40	32	111.650	109.813	1.782	109.813	0.08229
geometric_n124_d20	hk_tau0.5	0.50	32	106.069	101.050	1.649	101.050	0.11402
geometric_n124_d20	hk_tau0.5	0.60	32	100.225	96.200	0.000	96.256	0.17753
geometric_n124_d20	hk_tau0.5	0.70	32	96.200	96.200	0.000	107.681	0.31707
geometric_n124_d20	hk_tau0.5	0.80	32	104.494	99.262	1.278	156.175	0.50177
geometric_n124_d20	hk_tau0.5	0.90	32	114.981	104.831	2.217	224.194	0.68243
geometric_n124_d20	hk_tau0.5	1.00	32	116.563	107.081	2.058	276.144	0.79301
geometric_n124_d20	hk_tau0.5	1.10	8	118.000	115.175	4.644	322.025	0.85459
geometric_n124_d20	hk_tau0.5	1.20	8	113.000	113.575	4.384	348.400	0.89297
geometric_n124_d20	hk_tau2	-1.00	8	110.325	106.750	4.008	113.450	0.00240
geometric_n124_d20	hk_tau2	-0.90	8	115.700	115.700	5.187	115.700	0.00234
geometric_n124_d20	hk_tau2	-0.80	8	114.325	114.125	7.091	114.125	0.00338
geometric_n124_d20	hk_tau2	-0.70	8	114.325	114.325	4.465	114.325	0.00288
geometric_n124_d20	hk_tau2	-0.60	8	113.425	113.425	5.659	113.425	0.00530
geometric_n124_d20	hk_tau2	-0.50	8	119.025	119.025	5.957	119.025	0.00611
geometric_n124_d20	hk_tau2	-0.40	8	106.375	106.375	3.861	106.375	0.00932
geometric_n124_d20	hk_tau2	-0.30	32	108.406	108.406	2.404	108.406	0.01053
geometric_n124_d20	hk_tau2	-0.20	32	115.481	115.481	2.533	115.481	0.01445
geometric_n124_d20	hk_tau2	-0.10	32	114.963	114.238	2.376	114.238	0.01922
geometric_n124_d20	hk_tau2	0.00	32	108.294	108.294	2.190	108.294	0.02352
geometric_n124_d20	hk_tau2	0.10	32	110.038	110.038	2.091	110.038	0.03201
geometric_n124_d20	hk_tau2	0.20	32	109.344	109.344	1.715	109.344	0.04220
geometric_n124_d20	hk_tau2	0.30	32	112.194	111.650	1.617	111.650	0.05975
geometric_n124_d20	hk_tau2	0.40	32	110.331	107.931	1.745	107.931	0.08155
geometric_n124_d20	hk_tau2	0.50	32	102.938	96.200	0.000	96.200	0.10729
geometric_n124_d20	hk_tau2	0.60	32	96.200	96.200	0.000	96.437	0.18829
geometric_n124_d20	hk_tau2	0.70	32	96.975	96.200	0.000	117.088	0.38476
geometric_n124_d20	hk_tau2	0.80	32	100.587	100.775	1.576	190.463	0.61667
geometric_n124_d20	hk_tau2	0.90	32	112.525	108.981	2.265	263.613	0.76480
geometric_n124_d20	hk_tau2	1.00	32	115.538	115.337	3.190	320.225	0.84157
geometric_n124_d20	hk_tau2	1.10	8	119.025	110.325	6.383	340.925	0.88578
geometric_n124_d20	hk_tau2	1.20	8	116.350	113.825	4.024	360.850	0.91536
geometric_n124_d20	hk_sched	-1.00	8	121.350	120.950	6.250	120.950	0.00116
geometric_n124_d20	hk_sched	-0.90	8	127.100	126.900	5.619	126.900	0.00269
geometric_n124_d20	hk_sched	-0.80	8	103.550	103.550	3.586	103.550	0.00237
geometric_n124_d20	hk_sched	-0.70	8	111.650	111.650	3.403	111.650	0.00279
geometric_n124_d20	hk_sched	-0.60	8	110.125	106.550	6.781	106.550	0.00421
geometric_n124_d20	hk_sched	-0.50	8	118.450	118.450	4.552	118.450	0.00492
geometric_n124_d20	hk_sched	-0.40	8	113.550	113.550	5.892	113.550	0.00596
geometric_n124_d20	hk_sched	-0.30	32	112.662	111.112	2.663	111.112	0.00840
geometric_n124_d20	hk_sched	-0.20	32	112.575	111.125	2.358	111.125	0.01098
geometric_n124_d20	hk_sched	-0.10	32	113.138	110.238	1.711	110.238	0.01449
geometric_n124_d20	hk_sched	0.00	32	111.950	109.956	1.673	109.956	0.01979
geometric_n124_d20	hk_sched	0.10	32	106.487	105.763	1.836	105.763	0.02754
geometric_n124_d20	hk_sched	0.20	32	105.056	105.056	1.810	105.056	0.03844
geometric_n124_d20	hk_sched	0.30	32	105.575	105.575	1.797	105.575	0.05556
geometric_n124_d20	hk_sched	0.40	32	104.775	104.162	1.729	104.162	0.08094
geometric_n124_d20	hk_sched	0.50	32	104.162	96.200	0.000	96.200	0.11591
geometric_n124_d20	hk_sched	0.60	32	96.200	96.200	0.000	96.419	0.19650
geometric_n124_d20	hk_sched	0.70	32	98.937	96.200	0.000	110.706	0.34564
geometric_n124_d20	hk_sched	0.80	32	112.112	100.581	1.490	160.150	0.52504
geometric_n124_d20	hk_sched	0.90	32	117.669	111.994	2.148	219.194	0.68876
geometric_n124_d20	hk_sched	1.00	32	113.688	108.769	2.695	274.700	0.79522
geometric_n124_d20	hk_sched	1.10	8	113.875	116.275	3.024	317.800	0.85624
geometric_n124_d20	hk_sched	1.20	8	114.075	112.150	5.353	349.625	0.89448
geometric_n250_d5	none	-1.00	8	30.550	29.750	2.234	29.750	0.00552
geometric_n250_d5	none	-0.90	8	28.875	26.250	1.048	26.250	0.00783
geometric_n250_d5	none	-0.80	8	30.375	25.750	1.840	25.750	0.01142
geometric_n250_d5	none	-0.70	8	27.250	24.350	1.682	24.350	0.01327
geometric_n250_d5	none	-0.60	8	21.400	18.175	1.867	18.175	0.01428
geometric_n250_d5	none	-0.50	8	21.400	18.725	1.647	18.725	0.01991
geometric_n250_d5	none	-0.40	8	16.100	15.000	1.927	15.000	0.02853
geometric_n250_d5	none	-0.30	32	18.038	15.131	0.875	15.131	0.04415
geometric_n250_d5	none	-0.20	32	16.056	12.475	0.672	12.506	0.06340
geometric_n250_d5	none	-0.10	32	14.213	10.675	0.559	11.200	0.09312
geometric_n250_d5	none	0.00	32	15.850	9.531	0.711	12.369	0.14241
geometric_n250_d5	none	0.10	32	16.425	11.875	0.496	22.131	0.21566
geometric_n250_d5	none	0.20	32	19.262	15.987	0.690	40.362	0.31199
geometric_n250_d5	none	0.30	32	25.087	20.900	1.307	67.856	0.42538
geometric_n250_d5	none	0.40	32	30.688	27.975	1.247	98.419	0.54175
geometric_n250_d5	none	0.50	32	33.069	32.581	1.233	129.350	0.64347
geometric_n250_d5	none	0.60	32	37.512	36.737	1.358	152.031	0.72339
geometric_n250_d5	none	0.70	32	37.431	37.144	1.464	172.569	0.78357
geometric_n250_d5	none	0.80	32	37.231	37.337	1.290	183.081	0.82862
geometric_n250_d5	none	0.90	32	37.056	38.587	1.233	196.300	0.86320
geometric_n250_d5	none	1.00	32	38.337	35.712	1.381	204.175	0.88987
geometric_n250_d5	none	1.10	8	42.625	40.750	3.442	210.125	0.91095
geometric_n250_d5	none	1.20	8	39.650	39.950	4.350	216.275	0.92761
geometric_n250_d5	rk1	-1.00	8	35.725	30.250	1.750	30.250	0.00028
geometric_n250_d5	rk1	-0.90	8	32.250	31.975	2.587	31.975	0.00031
geometric_n250_d5	rk1	-0.80	8	38.750	33.225	2.086	33.225	0.00034
geometric_n250_d5	rk1	-0.70	8	31.500	27.475	1.710	27.700	0.00039
geometric_n250_d5	rk1	-0.60	8	33.525	26.500	1.254	27.100	0.00049
geometric_n250_d5	rk1	-0.50	8	34.875	24.525	1.715	24.650	0.00067
geometric_n250_d5	rk1	-0.40	8	32.125	22.350	2.064	22.500	0.00094
geometric_n250_d5	rk1	-0.30	32	28.681	22.606	0.704	23.188	0.00146
geometric_n250_d5	rk1	-0.20	32	27.475	18.831	0.828	19.919	0.00262
geometric_n250_d5	rk1	-0.10	32	23.444	16.200	0.656	18.862	0.00581
geometric_n250_d5	rk1	0.00	32	20.894	14.887	0.520	21.319	0.01446
geometric_n250_d5	rk1	0.10	32	23.144	17.631	0.573	31.625	0.03717
geometric_n250_d5	rk1	0.20	32	22.712	19.869	0.928	46.194	0.08372
geometric_n250_d5	rk1	0.30	32	31.025	22.319	0.859	72.375	0.17044
geometric_n250_d5	rk1	0.40	32	29.994	27.950	1.591	103.769	0.29296
geometric_n250_d5	rk1	0.50	32	32.794	31.887	1.221	131.969	0.42598
geometric_n250_d5	rk1	0.60	32	34.862	33.594	1.431	155.000	0.54359
geometric_n250_d5	rk1	0.70	32	38.181	37.181	1.322	173.444	0.63831
geometric_n250_d5	rk1	0.80	32	38.594	39.062	1.291	187.731	0.71188
geometric_n250_d5	rk1	0.90	32	38.025	39.462	1.499	196.231	0.76940
geometric_n250_d5	rk1	1.00	32	37.956	37.769	1.786	203.200	0.81457
geometric_n250_d5	rk1	1.10	8	43.475	36.875	3.492	211.300	0.85063
geometric_n250_d5	rk1	1.20	8	39.900	37.250	3.473	214.000	0.87891
geometric_n250_d5	rk4	-1.00	8	34.350	32.200	2.419	32.200	0.00021
geometric_n250_d5	rk4	-0.90	8	34.125	30.275	2.939	30.275	0.00026
geometric_n250_d5	rk4	-0.80	8	27.050	24.775	2.544	24.775	0.00029
geometric_n250_d5	rk4	-0.70	8	28.875	25.250	2.827	25.250	0.00044
geometric_n250_d5	rk4	-0.60	8	26.625	23.000	1.069	23.000	0.00077
geometric_n250_d5	rk4	-0.50	8	25.650	20.875	1.274	20.875	0.00212
geometric_n250_d5	rk4	-0.40	8	23.875	19.250	1.373	19.250	0.00543
geometric_n250_d5	rk4	-0.30	8	22.375	16.525	1.458	16.600	0.01206
geometric_n250_d5	rk4	-0.20	8	17.650	14.125	1.827	14.125	0.02400
geometric_n250_d5	rk4	-0.10	8	17.275	13.125	1.141	14.025	0.04619
geometric_n250_d5	rk4	0.00	8	20.400	12.425	1.812	16.775	0.08370
geometric_n250_d5	rk4	0.10	8	19.125	11.350	1.141	24.275	0.13890
geometric_n250_d5	rk4	0.20	8	21.000	15.250	1.264	44.450	0.22455
geometric_n250_d5	rk4	0.30	8	24.375	20.700	1.508	69.750	0.33542
geometric_n250_d5	rk4	0.40	8	29.325	27.100	2.491	100.600	0.46018
geometric_n250_d5	rk4	0.50	8	35.125	31.375	1.990	127.675	0.57586
geometric_n250_d5	rk4	0.60	8	36.750	35.375	2.104	155.350	0.66971
geometric_n250_d5	rk4	0.70	8	38.625	33.000	1.376	172.475	0.74035
geometric_n250_d5	rk4	0.80	8	44.125	41.250	2.433	184.650	0.79455
geometric_n250_d5	rk4	0.90	8	33.650	32.850	2.796	189.050	0.83627
geometric_n250_d5	rk4	1.00	8	36.950	36.925	2.848	206.750	0.86866
geometric_n250_d5	rk4	1.10	8	42.000	36.275	3.124	210.075	0.89395
geometric_n250_d5	rk4	1.20	8	32.000	30.750	2.242	216.175	0.91444
geometric_n250_d5	nsm_rho1	-1.00	8	26.375	24.375	1.381	24.375	0.01319
geometric_n250_d5	nsm_rho1	-0.90	8	25.150	23.275	1.308	23.275	0.01399
geometric_n250_d5	nsm_rho1	-0.80	8	25.875	23.975	2.386	23.975	0.01755
geometric_n250_d5	nsm_rho1	-0.70	8	22.000	19.425	1.899	19.425	0.02014
geometric_n250_d5	nsm_rho1	-0.60	8	18.650	17.025	1.389	17.025	0.02131
geometric_n250_d5	nsm_rho1	-0.50	8	19.500	17.500	1.040	17.500	0.02940
geometric_n250_d5	nsm_rho1	-0.40	8	18.225	17.600	1.908	17.600	0.03880
geometric_n250_d5	nsm_rho1	-0.30	32	18.569	15.450	0.644	15.456	0.05187
geometric_n250_d5	nsm_rho1	-0.20	32	16.062	12.838	0.761	13.062	0.07189
geometric_n250_d5	nsm_rho1	-0.10	32	16.188	11.306	0.605	12.712	0.10300
geometric_n250_d5	nsm_rho1	0.00	32	16.306	10.881	0.600	15.569	0.15303
geometric_n250_d5	nsm_rho1	0.10	32	16.819	10.656	0.531	23.819	0.22427
geometric_n250_d5	nsm_rho1	0.20	32	20.606	17.331	0.936	42.500	0.32077
geometric_n250_d5	nsm_rho1	0.30	32	25.369	22.281	1.050	69.331	0.43375
geometric_n250_d5	nsm_rho1	0.40	32	29.856	29.206	1.238	98.962	0.54880
geometric_n250_d5	nsm_rho1	0.50	32	32.500	32.462	1.039	129.631	0.64999
geometric_n250_d5	nsm_rho1	0.60	32	34.750	33.744	1.309	153.775	0.72866
geometric_n250_d5	nsm_rho1	0.70	32	36.631	32.756	1.181	174.069	0.78769
geometric_n250_d5	nsm_rho1	0.80	32	36.131	35.519	1.416	185.413	0.83216
geometric_n250_d5	nsm_rho1	0.90	32	39.356	36.656	1.425	196.456	0.86594
geometric_n250_d5	nsm_rho1	1.00	32	40.013	36.306	1.219	203.481	0.89216
geometric_n250_d5	nsm_rho1	1.10	8	30.400	36.250	3.594	208.225	0.91282
geometric_n250_d5	nsm_rho1	1.20	8	39.625	40.750	3.529	212.150	0.92917
geometric_n250_d5	nsm_rho0.5	-1.00	8	25.900	23.800	2.784	23.800	0.01320
geometric_n250_d5	nsm_rho0.5	-0.90	8	25.275	22.650	2.091	22.650	0.01498
geometric_n250_d5	nsm_rho0.5	-0.80	8	27.500	24.500	1.959	24.500	0.01834
geometric_n250_d5	nsm_rho0.5	-0.70	8	22.400	19.275	1.380	19.275	0.02008
geometric_n250_d5	nsm_rho0.5	-0.60	8	21.225	19.425	0.955	19.425	0.02164
geometric_n250_d5	nsm_rho0.5	-0.50	8	20.875	19.100	1.833	19.100	0.02868
geometric_n250_d5	nsm_rho0.5	-0.40	8	18.500	16.375	1.401	16.375	0.03698
geometric_n250_d5	nsm_rho0.5	-0.30	8	13.750	12.625	1.322	12.625	0.04948
geometric_n250_d5	nsm_rho0.5	-0.20	8	15.000	13.525	0.710	13.725	0.07130
geometric_n250_d5	nsm_rho0.5	-0.10	8	16.225	10.875	0.895	12.550	0.09946
geometric_n250_d5	nsm_rho0.5	0.00	8	15.775	10.875	1.076	15.975	0.15024
geometric_n250_d5	nsm_rho0.5	0.10	8	19.275	11.625	1.164	24.500	0.22245
geometric_n250_d5	nsm_rho0.5	0.20	8	17.600	16.225	1.699	43.250	0.31800
geometric_n250_d5	nsm_rho0.5	0.30	8	26.375	21.250	1.953	65.700	0.43129
geometric_n250_d5	nsm_rho0.5	0.40	8	29.750	26.125	1.586	95.925	0.54636
geometric_n250_d5	nsm_rho0.5	0.50	8	34.875	36.125	2.379	131.350	0.64848
geometric_n250_d5	nsm_rho0.5	0.60	8	37.375	35.975	2.051	153.175	0.72895
geometric_n250_d5	nsm_rho0.5	0.70	8	34.350	36.125	2.761	171.175	0.78781
geometric_n250_d5	nsm_rho0.5	0.80	8	39.650	37.500	2.291	188.225	0.83249
geometric_n250_d5	nsm_rho0.5	0.90	8	39.250	39.750	3.250	198.300	0.86648
geometric_n250_d5	nsm_rho0.5	1.00	8	35.650	40.775	2.451	202.250	0.89275
geometric_n250_d5	nsm_rho0.5	1.10	8	41.475	42.875	2.039	209.525	0.91317
geometric_n250_d5	nsm_rho0.5	1.20	8	46.600	33.600	3.471	213.600	0.92947
geometric_n250_d5	nsm_erosion	-1.00	8	28.350	26.675	1.967	26.675	0.01255
geometric_n250_d5	nsm_erosion	-0.90	8	26.875	24.025	2.325	24.025	0.01400
geometric_n250_d5	nsm_erosion	-0.80	8	21.725	19.375	1.253	19.375	0.01764
geometric_n250_d5	nsm_erosion	-0.70	8	22.325	19.075	0.873	19.075	0.01792
geometric_n250_d5	nsm_erosion	-0.60	8	23.150	18.475	1.389	18.475	0.02134
geometric_n250_d5	nsm_erosion	-0.50	8	21.650	18.750	1.333	18.750	0.03052
geometric_n250_d5	nsm_erosion	-0.40	8	19.975	16.250	1.349	16.250	0.03768
geometric_n250_d5	nsm_erosion	-0.30	32	17.069	14.506	0.550	14.519	0.04883
geometric_n250_d5	nsm_erosion	-0.20	32	16.100	12.350	0.631	12.487	0.06834
geometric_n250_d5	nsm_erosion	-0.10	32	15.806	10.537	0.672	11.687	0.09969
geometric_n250_d5	nsm_erosion	0.00	32	16.131	10.419	0.461	15.300	0.14990
geometric_n250_d5	nsm_erosion	0.10	32	17.863	12.081	0.641	24.881	0.22151
geometric_n250_d5	nsm_erosion	0.20	32	20.750	17.531	0.645	43.213	0.31629
geometric_n250_d5	nsm_erosion	0.30	32	27.125	21.906	0.903	69.338	0.42864
geometric_n250_d5	nsm_erosion	0.40	32	27.938	27.462	0.880	98.237	0.54346
geometric_n250_d5	nsm_erosion	0.50	32	32.788	32.013	1.329	129.931	0.64510
geometric_n250_d5	nsm_erosion	0.60	32	35.144	34.262	1.275	153.450	0.72504
geometric_n250_d5	nsm_erosion	0.70	32	38.281	37.500	1.358	170.419	0.78545
geometric_n250_d5	nsm_erosion	0.80	32	36.262	39.625	1.688	186.713	0.83069
geometric_n250_d5	nsm_erosion	0.90	32	40.875	38.594	1.401	195.288	0.86547
geometric_n250_d5	nsm_erosion	1.00	32	39.231	36.562	1.374	204.006	0.89224
geometric_n250_d5	nsm_erosion	1.10	8	45.000	41.125	3.430	209.650	0.91347
geometric_n250_d5	nsm_erosion	1.20	8	42.250	34.125	3.492	211.850	0.93003
geometric_n250_d5	hk_tau0.5	-1.00	8	30.625	29.000	1.890	29.000	0.00577
geometric_n250_d5	hk_tau0.5	-0.90	8	30.150	27.375	2.420	27.375	0.00758
geometric_n250_d5	hk_tau0.5	-0.80	8	23.175	21.300	1.026	21.300	0.00888
geometric_n250_d5	hk_tau0.5	-0.70	8	28.500	24.875	1.156	24.875	0.01053
geometric_n250_d5	hk_tau0.5	-0.60	8	22.150	20.625	2.296	20.625	0.01592
geometric_n250_d5	hk_tau0.5	-0.50	8	20.725	17.025	1.813	17.025	0.01777
geometric_n250_d5	hk_tau0.5	-0.40	8	20.375	17.500	1.680	17.500	0.02359
geometric_n250_d5	hk_tau0.5	-0.30	32	16.688	13.312	0.589	13.312	0.03331
geometric_n250_d5	hk_tau0.5	-0.20	32	14.588	12.069	0.599	12.125	0.04756
geometric_n250_d5	hk_tau0.5	-0.10	32	14.575	9.463	0.580	9.600	0.07381
geometric_n250_d5	hk_tau0.5	0.00	32	12.713	6.062	0.443	7.619	0.11426
geometric_n250_d5	hk_tau0.5	0.10	32	13.562	8.731	0.559	16.925	0.18849
geometric_n250_d5	hk_tau0.5	0.20	32	16.931	13.631	0.714	35.031	0.29363
geometric_n250_d5	hk_tau0.5	0.30	32	23.256	21.119	0.949	64.125	0.42530
geometric_n250_d5	hk_tau0.5	0.40	32	29.294	25.637	0.999	101.294	0.55559
geometric_n250_d5	hk_tau0.5	0.50	32	33.800	32.431	1.045	134.031	0.66124
geometric_n250_d5	hk_tau0.5	0.60	32	37.700	33.500	1.759	158.325	0.73865
geometric_n250_d5	hk_tau0.5	0.70	32	36.513	33.312	1.092	176.725	0.79553
geometric_n250_d5	hk_tau0.5	0.80	32	35.750	35.931	1.373	189.100	0.83788
geometric_n250_d5	hk_tau0.5	0.90	32	39.119	36.900	1.397	197.231	0.87026
geometric_n250_d5	hk_tau0.5	1.00	32	38.700	36.731	1.346	206.081	0.89528
geometric_n250_d5	hk_tau0.5	1.10	8	37.250	35.600	3.542	210.450	0.91501
geometric_n250_d5	hk_tau0.5	1.20	8	34.200	41.875	1.702	214.275	0.93099
geometric_n250_d5	hk_tau2	-1.00	8	21.200	21.175	1.708	21.175	0.00315
geometric_n250_d5	hk_tau2	-0.90	8	21.750	19.250	1.867	19.250	0.00704
geometric_n250_d5	hk_tau2	-0.80	8	20.750	19.275	1.670	19.275	0.01028
geometric_n250_d5	hk_tau2	-0.70	8	20.150	19.775	1.781	19.775	0.01138
geometric_n250_d5	hk_tau2	-0.60	8	15.600	15.600	1.900	15.600	0.01089
geometric_n250_d5	hk_tau2	-0.50	8	16.400	12.150	1.829	12.150	0.01296
geometric_n250_d5	hk_tau2	-0.40	8	16.925	12.975	1.265	12.975	0.01581
geometric_n250_d5	hk_tau2	-0.30	32	13.406	10.469	0.625	10.469	0.02165
geometric_n250_d5	hk_tau2	-0.20	32	10.994	8.562	0.647	8.562	0.02901
geometric_n250_d5	hk_tau2	-0.10	32	9.475	5.819	0.439	5.819	0.04310
geometric_n250_d5	hk_tau2	0.00	32	8.062	4.644	0.253	4.819	0.07584
geometric_n250_d5	hk_tau2	0.10	32	7.975	4.631	0.314	7.519	0.14354
geometric_n250_d5	hk_tau2	0.20	32	12.163	10.550	0.702	27.406	0.27597
geometric_n250_d5	hk_tau2	0.30	32	18.969	16.544	0.807	71.600	0.45393
geometric_n250_d5	hk_tau2	0.40	32	27.919	26.350	1.368	117.369	0.60049
geometric_n250_d5	hk_tau2	0.50	32	31.825	30.519	1.282	146.787	0.70043
geometric_n250_d5	hk_tau2	0.60	32	36.931	32.950	1.294	170.244	0.76917
geometric_n250_d5	hk_tau2	0.70	32	35.144	33.131	1.476	186.794	0.81867
geometric_n250_d5	hk_tau2	0.80	32	36.331	34.763	1.167	197.569	0.85533
geometric_n250_d5	hk_tau2	0.90	32	39.750	34.000	1.460	204.275	0.88340
geometric_n250_d5	hk_tau2	1.00	32	36.681	36.600	1.752	209.938	0.90520
geometric_n250_d5	hk_tau2	1.10	8	39.100	39.125	2.741	214.650	0.92242
geometric_n250_d5	hk_tau2	1.20	8	39.575	38.100	3.427	216.575	0.93645
geometric_n250_d5	hk_sched	-1.00	8	20.250	20.250	1.461	20.250	0.00549
geometric_n250_d5	hk_sched	-0.90	8	15.325	14.625	1.133	14.625	0.00605
geometric_n250_d5	hk_sched	-0.80	8	14.975	14.400	1.668	14.400	0.00759
geometric_n250_d5	hk_sched	-0.70	8	13.450	12.475	1.673	12.475	0.00831
geometric_n250_d5	hk_sched	-0.60	8	13.250	12.750	0.750	12.750	0.01221
geometric_n250_d5	hk_sched	-0.50	8	13.650	12.525	1.675	12.525	0.01646
geometric_n250_d5	hk_sched	-0.40	8	14.625	14.125	0.915	14.125	0.02408
geometric_n250_d5	hk_sched	-0.30	32	10.319	9.656	0.501	9.656	0.03236
geometric_n250_d5	hk_sched	-0.20	32	9.294	7.762	0.487	7.794	0.04647
geometric_n250_d5	hk_sched	-0.10	32	7.700	5.831	0.460	6.031	0.07088
geometric_n250_d5	hk_sched	0.00	32	6.094	5.200	0.339	5.575	0.11479
geometric_n250_d5	hk_sched	0.10	32	5.219	5.094	0.391	9.700	0.18859
geometric_n250_d5	hk_sched	0.20	32	7.944	10.556	0.699	32.669	0.29839
geometric_n250_d5	hk_sched	0.30	32	17.631	21.081	0.920	64.981	0.43441
geometric_n250_d5	hk_sched	0.40	32	23.163	28.262	0.941	99.469	0.56282
geometric_n250_d5	hk_sched	0.50	32	29.212	31.413	1.278	131.119	0.66459
geometric_n250_d5	hk_sched	0.60	32	34.925	37.819	1.185	155.106	0.74064
geometric_n250_d5	hk_sched	0.70	32	35.444	35.813	1.730	175.056	0.79663
geometric_n250_d5	hk_sched	0.80	32	37.294	39.612	1.719	186.525	0.83870
geometric_n250_d5	hk_sched	0.90	32	32.056	37.044	1.282	198.925	0.87071
geometric_n250_d5	hk_sched	1.00	32	36.606	36.569	1.550	204.400	0.89572
geometric_n250_d5	hk_sched	1.10	8	35.600	41.275	3.295	211.050	0.91543
geometric_n250_d5	hk_sched	1.20	8	38.900	37.625	0.823	213.275	0.93101
geometric_n250_d10	none	-1.00	8	80.300	79.775	7.780	79.775	0.00164
geometric_n250_d10	none	-0.90	8	84.000	76.300	5.664	76.300	0.00328
geometric_n250_d10	none	-0.80	8	91.650	89.550	9.702	89.550	0.00445
geometric_n250_d10	none	-0.70	8	73.925	69.800	10.202	69.800	0.00376
geometric_n250_d10	none	-0.60	8	84.650	79.525	4.602	79.525	0.00661
geometric_n250_d10	none	-0.50	8	83.025	79.475	8.686	79.475	0.00863
geometric_n250_d10	none	-0.40	8	74.650	65.350	5.064	65.350	0.01141
geometric_n250_d10	none	-0.30	32	71.169	64.513	2.905	64.513	0.01627
geometric_n250_d10	none	-0.20	32	66.812	58.381	2.134	58.381	0.02080
geometric_n250_d10	none	-0.10	32	61.700	56.906	1.961	56.906	0.03048
geometric_n250_d10	none	0.00	32	58.819	47.325	1.678	47.337	0.04269
geometric_n250_d10	none	0.10	32	52.188	44.575	1.505	44.700	0.06354
geometric_n250_d10	none	0.20	32	48.881	41.550	0.883	42.262	0.09383
geometric_n250_d10	none	0.30	32	46.781	40.519	0.311	46.406	0.14406
geometric_n250_d10	none	0.40	32	44.112	42.000	0.360	63.544	0.22396
geometric_n250_d10	none	0.50	32	48.519	45.806	0.906	105.787	0.34739
geometric_n250_d10	none	0.60	32	64.619	53.613	1.822	177.331	0.50152
geometric_n250_d10	none	0.70	32	70.681	67.606	3.034	264.350	0.64367
geometric_n250_d10	none	0.80	32	80.563	78.831	3.246	326.844	0.74148
geometric_n250_d10	none	0.90	32	93.294	91.281	3.947	375.500	0.80635
geometric_n250_d10	none	1.00	32	85.913	87.669	3.788	401.144	0.85158
geometric_n250_d10	none	1.10	8	83.375	91.600	10.877	418.125	0.88410
geometric_n250_d10	none	1.20	8	90.525	84.100	10.154	436.800	0.90857
geometric_n250_d10	rk1	-1.00	8	79.950	78.850	4.420	79.050	0.00024
geometric_n250_d10	rk1	-0.90	8	83.100	81.075	5.041	81.400	0.00024
geometric_n250_d10	rk1	-0.80	8	91.600	86.175	8.714	86.250	0.00028
geometric_n250_d10	rk1	-0.70	8	80.850	73.650	4.679	73.875	0.00028
geometric_n250_d10	rk1	-0.60	8	80.375	74.600	6.182	74.775	0.00031
geometric_n250_d10	rk1	-0.50	8	95.600	78.825	4.800	79.700	0.00039
geometric_n250_d10	rk1	-0.40	8	89.950	77.550	5.243	77.850	0.00039
geometric_n250_d10	rk1	-0.30	32	85.819	73.694	2.786	73.737	0.00051
geometric_n250_d10	rk1	-0.20	32	86.119	75.044	3.463	75.606	0.00069
geometric_n250_d10	rk1	-0.10	32	85.175	72.687	3.682	73.269	0.00096
geometric_n250_d10	rk1	0.00	32	79.838	63.369	2.860	64.681	0.00156
geometric_n250_d10	rk1	0.10	32	75.156	57.769	2.239	60.200	0.00294
geometric_n250_d10	rk1	0.20	32	65.419	49.987	1.967	55.275	0.00646
geometric_n250_d10	rk1	0.30	32	61.294	44.287	1.189	56.769	0.01627
geometric_n250_d10	rk1	0.40	32	58.756	43.175	0.938	76.319	0.04367
geometric_n250_d10	rk1	0.50	32	54.369	44.831	1.184	117.331	0.11121
geometric_n250_d10	rk1	0.60	32	64.162	59.819	2.195	191.156	0.24930
geometric_n250_d10	rk1	0.70	32	73.262	68.575	2.901	269.712	0.42540
geometric_n250_d10	rk1	0.80	32	82.444	77.506	3.149	332.131	0.57038
geometric_n250_d10	rk1	0.90	32	88.244	83.438	2.994	374.963	0.67431
geometric_n250_d10	rk1	1.00	32	93.081	93.850	3.629	404.213	0.74836
geometric_n250_d10	rk1	1.10	8	81.575	81.000	7.873	425.625	0.80321
geometric_n250_d10	rk1	1.20	8	87.875	100.225	4.892	437.700	0.84501
geometric_n250_d10	rk4	-1.00	8	92.000	87.375	13.359	87.450	0.00022
geometric_n250_d10	rk4	-0.90	8	109.950	107.875	5.998	107.900	0.00022
geometric_n250_d10	rk4	-0.80	8	78.100	76.775	9.995	76.775	0.00023
geometric_n250_d10	rk4	-0.70	8	103.850	95.325	5.572	95.325	0.00024
geometric_n250_d10	rk4	-0.60	8	91.050	84.725	6.847	84.725	0.00025
geometric_n250_d10	rk4	-0.50	8	93.425	89.775	5.062	89.775	0.00035
geometric_n250_d10	rk4	-0.40	8	76.675	72.200	6.427	72.200	0.00058
geometric_n250_d10	rk4	-0.30	8	85.375	71.700	7.043	71.700	0.00113
geometric_n250_d10	rk4	-0.20	8	80.775	64.850	4.172	64.850	0.00297
geometric_n250_d10	rk4	-0.10	8	60.475	56.375	4.561	56.375	0.00639
geometric_n250_d10	rk4	0.00	8	61.825	57.625	6.868	57.700	0.01540
geometric_n250_d10	rk4	0.10	8	59.775	45.100	3.887	45.325	0.02884
geometric_n250_d10	rk4	0.20	8	49.375	44.475	2.414	45.700	0.05255
geometric_n250_d10	rk4	0.30	8	53.450	42.200	0.954	48.200	0.09117
geometric_n250_d10	rk4	0.40	8	45.950	44.225	1.988	67.225	0.15603
geometric_n250_d10	rk4	0.50	8	49.800	45.825	1.144	110.825	0.26573
geometric_n250_d10	rk4	0.60	8	63.050	61.525	3.304	178.600	0.42177
geometric_n250_d10	rk4	0.70	8	78.075	63.125	6.447	275.000	0.57779
geometric_n250_d10	rk4	0.80	8	75.675	76.650	6.855	339.250	0.69071
geometric_n250_d10	rk4	0.90	8	94.025	86.850	9.749	377.275	0.76831
geometric_n250_d10	rk4	1.00	8	78.800	83.550	6.966	398.875	0.82182
geometric_n250_d10	rk4	1.10	8	97.100	87.775	7.154	422.525	0.86068
geometric_n250_d10	rk4	1.20	8	91.150	88.200	9.086	433.600	0.89026
geometric_n250_d10	nsm_rho1	-1.00	8	87.675	87.425	7.110	87.425	0.00977
geometric_n250_d10	nsm_rho1	-0.90	8	85.950	82.000	11.190	82.000	0.01172
geometric_n250_d10	nsm_rho1	-0.80	8	82.575	80.350	2.035	80.350	0.01100
geometric_n250_d10	nsm_rho1	-0.70	8	74.425	73.725	8.192	73.725	0.01214
geometric_n250_d10	nsm_rho1	-0.60	8	76.150	75.775	6.657	75.775	0.01363
geometric_n250_d10	nsm_rho1	-0.50	8	73.425	73.425	7.827	73.425	0.01630
geometric_n250_d10	nsm_rho1	-0.40	8	77.550	69.075	5.161	69.075	0.01836
geometric_n250_d10	nsm_rho1	-0.30	32	72.019	65.912	2.920	65.912	0.02481
geometric_n250_d10	nsm_rho1	-0.20	32	66.025	60.244	3.210	60.244	0.03030
geometric_n250_d10	nsm_rho1	-0.10	32	59.581	52.788	2.188	52.788	0.03848
geometric_n250_d10	nsm_rho1	0.00	32	54.519	47.294	1.883	47.356	0.05012
geometric_n250_d10	nsm_rho1	0.10	32	51.531	43.712	1.376	43.938	0.07062
geometric_n250_d10	nsm_rho1	0.20	32	48.562	40.719	0.419	42.694	0.10133
geometric_n250_d10	nsm_rho1	0.30	32	46.469	40.875	0.399	49.300	0.15131
geometric_n250_d10	nsm_rho1	0.40	32	45.281	41.425	0.481	68.406	0.23243
geometric_n250_d10	nsm_rho1	0.50	32	54.612	45.019	0.963	111.113	0.35425
geometric_n250_d10	nsm_rho1	0.60	32	63.444	54.188	1.903	183.650	0.50706
geometric_n250_d10	nsm_rho1	0.70	32	75.763	71.156	3.474	265.738	0.64770
geometric_n250_d10	nsm_rho1	0.80	32	79.475	71.481	3.298	330.138	0.74560
geometric_n250_d10	nsm_rho1	0.90	32	83.675	82.194	3.112	374.487	0.80961
geometric_n250_d10	nsm_rho1	1.00	32	89.694	84.400	3.094	401.000	0.85386
geometric_n250_d10	nsm_rho1	1.10	8	95.825	91.775	9.756	425.575	0.88600
geometric_n250_d10	nsm_rho1	1.20	8	108.675	93.650	4.296	432.850	0.90999
geometric_n250_d10	nsm_rho0.5	-1.00	8	100.450	86.650	8.887	86.650	0.01003
geometric_n250_d10	nsm_rho0.5	-0.90	8	80.125	79.350	6.330	79.350	0.01084
geometric_n250_d10	nsm_rho0.5	-0.80	8	93.050	90.525	7.937	90.525	0.01232
geometric_n250_d10	nsm_rho0.5	-0.70	8	77.850	70.750	12.259	70.750	0.01176
geometric_n250_d10	nsm_rho0.5	-0.60	8	83.700	80.100	10.802	80.100	0.01420
geometric_n250_d10	nsm_rho0.5	-0.50	8	76.025	72.475	6.427	72.475	0.01645
geometric_n250_d10	nsm_rho0.5	-0.40	8	74.100	69.050	5.266	69.050	0.01910
geometric_n250_d10	nsm_rho0.5	-0.30	8	72.550	72.425	4.347	72.425	0.02349
geometric_n250_d10	nsm_rho0.5	-0.20	8	59.000	52.475	5.356	52.475	0.02908
geometric_n250_d10	nsm_rho0.5	-0.10	8	54.725	45.325	2.721	45.325	0.03832
geometric_n250_d10	nsm_rho0.5	0.00	8	50.425	44.550	4.030	44.550	0.04894
geometric_n250_d10	nsm_rho0.5	0.10	8	55.850	48.750	4.024	49.075	0.07132
geometric_n250_d10	nsm_rho0.5	0.20	8	47.100	41.125	0.967	44.050	0.10040
geometric_n250_d10	nsm_rho0.5	0.30	8	41.825	40.875	0.863	49.250	0.14799
geometric_n250_d10	nsm_rho0.5	0.40	8	47.325	41.125	0.467	68.950	0.23051
geometric_n250_d10	nsm_rho0.5	0.50	8	50.950	44.850	1.624	107.950	0.35007
geometric_n250_d10	nsm_rho0.5	0.60	8	56.625	56.775	3.547	177.700	0.50084
geometric_n250_d10	nsm_rho0.5	0.70	8	70.900	78.875	6.972	262.425	0.64362
geometric_n250_d10	nsm_rho0.5	0.80	8	78.875	89.875	12.944	330.625	0.74347
geometric_n250_d10	nsm_rho0.5	0.90	8	85.350	84.350	8.539	366.550	0.80867
geometric_n250_d10	nsm_rho0.5	1.00	8	91.375	83.650	5.561	400.500	0.85355
geometric_n250_d10	nsm_rho0.5	1.10	8	87.175	88.875	4.862	419.925	0.88588
geometric_n250_d10	nsm_rho0.5	1.20	8	87.800	81.825	7.720	434.650	0.90999
geometric_n250_d10	nsm_erosion	-1.00	8	91.025	87.500	10.628	87.500	0.01094
geometric_n250_d10	nsm_erosion	-0.90	8	79.250	70.425	4.784	70.425	0.00990
geometric_n250_d10	nsm_erosion	-0.80	8	69.200	63.150	5.950	63.150	0.01172
geometric_n250_d10	nsm_erosion	-0.70	8	75.925	74.125	6.175	74.125	0.01150
geometric_n250_d10	nsm_erosion	-0.60	8	75.025	73.050	5.782	73.050	0.01445
geometric_n250_d10	nsm_erosion	-0.50	8	66.200	65.200	5.557	65.200	0.01651
geometric_n250_d10	nsm_erosion	-0.40	8	73.100	63.600	5.399	63.600	0.02045
geometric_n250_d10	nsm_erosion	-0.30	32	73.919	69.213	2.977	69.213	0.02462
geometric_n250_d10	nsm_erosion	-0.20	32	63.887	58.975	2.390	58.975	0.03021
geometric_n250_d10	nsm_erosion	-0.10	32	60.769	52.650	2.172	52.675	0.03848
geometric_n250_d10	nsm_erosion	0.00	32	58.975	50.194	2.188	50.269	0.05163
geometric_n250_d10	nsm_erosion	0.10	32	50.225	44.200	1.192	44.569	0.06976
geometric_n250_d10	nsm_erosion	0.20	32	47.950	42.425	1.011	44.575	0.10112
geometric_n250_d10	nsm_erosion	0.30	32	45.712	41.087	0.363	48.875	0.14942
geometric_n250_d10	nsm_erosion	0.40	32	44.669	42.394	0.573	67.894	0.22866
geometric_n250_d10	nsm_erosion	0.50	32	49.981	45.587	0.891	110.313	0.34963
geometric_n250_d10	nsm_erosion	0.60	32	58.219	53.725	1.947	180.988	0.49926
geometric_n250_d10	nsm_erosion	0.70	32	68.656	65.106	2.677	258.319	0.63824
geometric_n250_d10	nsm_erosion	0.80	32	88.119	79.306	3.925	325.250	0.73775
geometric_n250_d10	nsm_erosion	0.90	32	78.794	85.244	4.184	372.787	0.80412
geometric_n250_d10	nsm_erosion	1.00	32	90.206	86.575	3.633	396.444	0.85006
geometric_n250_d10	nsm_erosion	1.10	8	86.050	76.750	7.850	420.850	0.88335
geometric_n250_d10	nsm_erosion	1.20	8	99.600	100.825	7.675	429.100	0.90855
geometric_n250_d10	hk_tau0.5	-1.00	8	89.100	88.600	2.987	88.600	0.00126
geometric_n250_d10	hk_tau0.5	-0.90	8	66.475	65.350	7.592	65.350	0.00269
geometric_n250_d10	hk_tau0.5	-0.80	8	91.600	83.075	5.459	83.075	0.00434
geometric_n250_d10	hk_tau0.5	-0.70	8	78.850	76.875	6.512	76.875	0.00419
geometric_n250_d10	hk_tau0.5	-0.60	8	68.475	65.625	4.071	65.625	0.00467
geometric_n250_d10	hk_tau0.5	-0.50	8	72.900	72.900	7.014	72.900	0.00695
geometric_n250_d10	hk_tau0.5	-0.40	8	59.625	56.950	4.946	56.950	0.00947
geometric_n250_d10	hk_tau0.5	-0.30	32	67.012	60.875	2.506	60.875	0.01493
geometric_n250_d10	hk_tau0.5	-0.20	32	66.019	57.481	2.352	57.481	0.02025
geometric_n250_d10	hk_tau0.5	-0.10	32	59.269	53.475	2.154	53.475	0.02548
geometric_n250_d10	hk_tau0.5	0.00	32	56.569	46.675	1.691	46.675	0.03740
geometric_n250_d10	hk_tau0.5	0.10	32	49.737	44.462	1.317	44.487	0.05359
geometric_n250_d10	hk_tau0.5	0.20	32	46.844	40.831	0.657	40.981	0.07980
geometric_n250_d10	hk_tau0.5	0.30	32	44.256	40.138	0.331	43.331	0.12530
geometric_n250_d10	hk_tau0.5	0.40	32	43.194	42.644	0.476	57.750	0.20435
geometric_n250_d10	hk_tau0.5	0.50	32	47.094	43.675	0.885	103.531	0.33853
geometric_n250_d10	hk_tau0.5	0.60	32	58.950	54.656	1.749	182.975	0.51826
geometric_n250_d10	hk_tau0.5	0.70	32	74.038	68.306	3.072	274.856	0.66798
geometric_n250_d10	hk_tau0.5	0.80	32	79.075	76.763	2.998	340.825	0.76082
geometric_n250_d10	hk_tau0.5	0.90	32	94.931	83.556	3.730	383.750	0.82060
geometric_n250_d10	hk_tau0.5	1.00	32	97.975	94.131	4.446	409.319	0.86187
geometric_n250_d10	hk_tau0.5	1.10	8	95.300	84.675	5.561	424.325	0.89189
geometric_n250_d10	hk_tau0.5	1.20	8	99.125	77.425	4.891	441.950	0.91459
geometric_n250_d10	hk_tau2	-1.00	8	68.425	66.325	5.981	66.450	0.00199
geometric_n250_d10	hk_tau2	-0.90	8	77.075	76.900	7.253	76.900	0.00224
geometric_n250_d10	hk_tau2	-0.80	8	63.450	63.450	3.759	63.450	0.00231
geometric_n250_d10	hk_tau2	-0.70	8	62.900	61.925	5.409	61.925	0.00316
geometric_n250_d10	hk_tau2	-0.60	8	55.500	52.175	5.337	52.175	0.00518
geometric_n250_d10	hk_tau2	-0.50	8	68.250	61.050	5.169	61.050	0.00715
geometric_n250_d10	hk_tau2	-0.40	8	61.400	58.300	3.121	58.300	0.01065
geometric_n250_d10	hk_tau2	-0.30	32	62.312	55.200	2.294	55.200	0.01159
geometric_n250_d10	hk_tau2	-0.20	32	48.031	46.038	1.698	46.038	0.01560
geometric_n250_d10	hk_tau2	-0.10	32	52.544	47.219	1.629	47.219	0.02134
geometric_n250_d10	hk_tau2	0.00	32	48.144	45.006	1.390	45.006	0.02966
geometric_n250_d10	hk_tau2	0.10	32	45.769	41.806	0.902	41.812	0.04187
geometric_n250_d10	hk_tau2	0.20	32	42.781	40.650	0.890	40.700	0.06455
geometric_n250_d10	hk_tau2	0.30	32	41.906	39.769	0.211	40.756	0.10475
geometric_n250_d10	hk_tau2	0.40	32	41.656	41.337	0.291	53.094	0.18240
geometric_n250_d10	hk_tau2	0.50	32	43.887	42.994	0.520	102.225	0.34670
geometric_n250_d10	hk_tau2	0.60	32	56.350	52.325	2.018	210.894	0.58211
geometric_n250_d10	hk_tau2	0.70	32	68.375	66.537	2.791	317.356	0.72328
geometric_n250_d10	hk_tau2	0.80	32	81.963	79.419	3.830	368.950	0.79997
geometric_n250_d10	hk_tau2	0.90	32	82.975	83.050	3.686	403.081	0.84877
geometric_n250_d10	hk_tau2	1.00	32	92.487	88.438	3.139	421.100	0.88252
geometric_n250_d10	hk_tau2	1.10	8	110.075	104.850	5.832	434.175	0.90760
geometric_n250_d10	hk_tau2	1.20	8	104.875	84.475	9.481	446.575	0.92639
geometric_n250_d10	hk_sched	-1.00	8	71.050	70.800	8.631	70.800	0.00252
geometric_n250_d10	hk_sched	-0.90	8	57.225	56.350	5.407	56.350	0.00243
geometric_n250_d10	hk_sched	-0.80	8	51.400	50.375	4.704	50.375	0.00264
geometric_n250_d10	hk_sched	-0.70	8	61.725	60.675	5.581	60.675	0.00348
geometric_n250_d10	hk_sched	-0.60	8	62.300	61.550	1.919	61.550	0.00408
geometric_n250_d10	hk_sched	-0.50	8	53.675	53.250	5.111	53.250	0.00752
geometric_n250_d10	hk_sched	-0.40	8	53.500	52.250	3.856	52.250	0.01064
geometric_n250_d10	hk_sched	-0.30	32	55.712	53.706	2.064	53.706	0.01421
geometric_n250_d10	hk_sched	-0.20	32	49.094	47.125	1.757	47.125	0.01886
geometric_n250_d10	hk_sched	-0.10	32	48.512	46.075	1.601	46.075	0.02643
geometric_n250_d10	hk_sched	0.00	32	45.388	43.994	1.480	43.994	0.03732
geometric_n250_d10	hk_sched	0.10	32	42.706	40.937	0.873	40.950	0.05373
geometric_n250_d10	hk_sched	0.20	32	42.600	39.769	0.302	39.969	0.08312
geometric_n250_d10	hk_sched	0.30	32	40.800	40.069	0.229	42.713	0.12899
geometric_n250_d10	hk_sched	0.40	32	42.319	41.425	0.336	58.575	0.21019
geometric_n250_d10	hk_sched	0.50	32	42.206	44.669	0.882	104.000	0.34827
geometric_n250_d10	hk_sched	0.60	32	53.731	52.919	2.158	183.669	0.53072
geometric_n250_d10	hk_sched	0.70	32	74.288	66.175	3.224	268.856	0.67300
geometric_n250_d10	hk_sched	0.80	32	79.638	83.506	4.128	334.962	0.76379
geometric_n250_d10	hk_sched	0.90	32	82.637	88.594	4.258	374.700	0.82238
geometric_n250_d10	hk_sched	1.00	32	89.300	95.794	3.697	404.681	0.86312
geometric_n250_d10	hk_sched	1.10	8	91.575	86.275	8.723	431.325	0.89264
geometric_n250_d10	hk_sched	1.20	8	112.175	90.375	8.345	440.525	0.91511
geometric_n250_d20	none	-1.00	8	235.275	235.225	21.194	235.225	0.00113
geometric_n250_d20	none	-0.90	8	225.400	225.300	22.857	225.300	0.00212
geometric_n250_d20	none	-0.80	8	215.725	210.600	17.942	210.600	0.00327
geometric_n250_d20	none	-0.70	8	191.100	191.000	18.149	191.000	0.00233
geometric_n250_d20	none	-0.60	8	191.325	190.575	14.583	190.575	0.00376
geometric_n250_d20	none	-0.50	8	215.750	209.775	14.836	209.775	0.00429
geometric_n250_d20	none	-0.40	8	174.975	174.200	10.926	174.200	0.00562
geometric_n250_d20	none	-0.30	32	183.488	172.725	7.421	172.725	0.00715
geometric_n250_d20	none	-0.20	32	191.931	183.831	8.103	183.831	0.01125
geometric_n250_d20	none	-0.10	32	188.300	177.319	6.326	177.319	0.01577
geometric_n250_d20	none	0.00	32	169.775	169.775	6.924	169.775	0.01913
geometric_n250_d20	none	0.10	32	166.131	163.244	6.621	163.244	0.02477
geometric_n250_d20	none	0.20	32	165.856	164.944	5.650	164.944	0.03680
geometric_n250_d20	none	0.30	32	163.788	157.138	4.563	157.138	0.05227
geometric_n250_d20	none	0.40	32	153.038	147.025	3.093	147.338	0.07336
geometric_n250_d20	none	0.50	32	145.894	139.125	1.807	142.075	0.10332
geometric_n250_d20	none	0.60	32	149.625	137.794	1.675	156.381	0.16018
geometric_n250_d20	none	0.70	32	141.638	135.319	1.072	194.194	0.25130
geometric_n250_d20	none	0.80	32	152.400	149.400	2.880	293.544	0.39077
geometric_n250_d20	none	0.90	32	165.044	157.625	2.531	446.481	0.57413
geometric_n250_d20	none	1.00	32	176.581	163.788	3.142	627.869	0.73434
geometric_n250_d20	none	1.10	8	200.600	178.775	11.808	760.625	0.81977
geometric_n250_d20	none	1.20	8	228.275	179.225	12.795	826.050	0.86836
geometric_n250_d20	rk1	-1.00	8	222.300	215.850	14.998	217.125	0.00026
geometric_n250_d20	rk1	-0.90	8	224.475	216.900	17.238	218.575	0.00025
geometric_n250_d20	rk1	-0.80	8	187.300	173.825	14.659	175.300	0.00026
geometric_n250_d20	rk1	-0.70	8	214.575	205.525	19.028	205.750	0.00028
geometric_n250_d20	rk1	-0.60	8	223.925	219.975	18.099	220.350	0.00027
geometric_n250_d20	rk1	-0.50	8	226.725	218.225	20.983	218.225	0.00030
geometric_n250_d20	rk1	-0.40	8	217.025	198.125	17.659	198.125	0.00032
geometric_n250_d20	rk1	-0.30	32	211.681	197.169	8.656	197.425	0.00036
geometric_n250_d20	rk1	-0.20	32	211.550	186.431	7.943	187.488	0.00039
geometric_n250_d20	rk1	-0.10	32	220.263	208.094	8.861	208.319	0.00049
geometric_n250_d20	rk1	0.00	32	211.213	200.994	8.975	201.619	0.00062
geometric_n250_d20	rk1	0.10	32	208.606	188.356	8.357	189.431	0.00078
geometric_n250_d20	rk1	0.20	32	203.856	176.550	7.258	177.706	0.00116
geometric_n250_d20	rk1	0.30	32	195.356	174.769	5.903	177.950	0.00193
geometric_n250_d20	rk1	0.40	32	169.688	158.963	4.531	163.875	0.00364
geometric_n250_d20	rk1	0.50	32	174.550	151.394	5.047	162.294	0.00820
geometric_n250_d20	rk1	0.60	32	166.338	145.713	2.442	180.113	0.02146
geometric_n250_d20	rk1	0.70	32	153.356	141.525	2.227	220.181	0.05693
geometric_n250_d20	rk1	0.80	32	155.025	151.094	2.441	315.575	0.14684
geometric_n250_d20	rk1	0.90	32	163.556	158.119	2.553	462.775	0.33458
geometric_n250_d20	rk1	1.00	32	175.569	176.375	5.010	650.156	0.56077
geometric_n250_d20	rk1	1.10	8	177.400	194.375	13.466	775.550	0.69677
geometric_n250_d20	rk1	1.20	8	188.900	184.175	16.939	821.375	0.77648
geometric_n250_d20	rk4	-1.00	8	224.750	224.325	15.700	227.325	0.00022
geometric_n250_d20	rk4	-0.90	8	204.525	201.525	15.207	203.000	0.00024
geometric_n250_d20	rk4	-0.80	8	202.475	200.125	18.064	202.625	0.00023
geometric_n250_d20	rk4	-0.70	8	252.600	250.800	17.748	254.125	0.00021
geometric_n250_d20	rk4	-0.60	8	172.450	172.150	16.280	172.700	0.00024
geometric_n250_d20	rk4	-0.50	8	236.050	240.850	9.994	240.975	0.00025
geometric_n250_d20	rk4	-0.40	8	235.725	208.600	14.085	211.975	0.00027
geometric_n250_d20	rk4	-0.30	8	225.700	210.650	18.835	211.000	0.00034
geometric_n250_d20	rk4	-0.20	8	231.600	229.750	21.764	229.775	0.00042
geometric_n250_d20	rk4	-0.10	8	199.575	192.250	18.362	192.250	0.00073
geometric_n250_d20	rk4	0.00	8	175.425	163.875	12.402	163.875	0.00132
geometric_n250_d20	rk4	0.10	8	213.450	208.525	14.569	208.525	0.00471
geometric_n250_d20	rk4	0.20	8	173.000	168.850	10.239	168.850	0.00977
geometric_n250_d20	rk4	0.30	8	158.725	156.825	10.191	156.825	0.01888
geometric_n250_d20	rk4	0.40	8	153.950	153.575	10.249	154.475	0.03637
geometric_n250_d20	rk4	0.50	8	146.800	146.325	4.744	151.725	0.06349
geometric_n250_d20	rk4	0.60	8	157.375	144.025	5.012	165.950	0.11093
geometric_n250_d20	rk4	0.70	8	150.975	133.800	0.000	203.675	0.18598
geometric_n250_d20	rk4	0.80	8	152.650	148.625	5.963	309.775	0.31198
geometric_n250_d20	rk4	0.90	8	154.625	154.300	6.490	458.350	0.50206
geometric_n250_d20	rk4	1.00	8	185.450	166.100	8.533	620.575	0.68482
geometric_n250_d20	rk4	1.10	8	217.000	166.525	6.423	762.300	0.78431
geometric_n250_d20	rk4	1.20	8	190.600	201.100	13.868	826.600	0.84197
geometric_n250_d20	nsm_rho1	-1.00	8	177.200	174.975	15.785	174.975	0.01055
geometric_n250_d20	nsm_rho1	-0.90	8	173.275	173.275	16.699	173.275	0.01039
geometric_n250_d20	nsm_rho1	-0.80	8	213.750	207.550	16.587	207.550	0.00934
geometric_n250_d20	nsm_rho1	-0.70	8	189.950	189.950	23.652	189.950	0.01064
geometric_n250_d20	nsm_rho1	-0.60	8	194.900	192.375	20.376	192.375	0.01213
geometric_n250_d20	nsm_rho1	-0.50	8	192.900	192.900	17.211	192.900	0.01185
geometric_n250_d20	nsm_rho1	-0.40	8	161.150	160.650	8.780	160.650	0.01275
geometric_n250_d20	nsm_rho1	-0.30	32	210.113	205.294	8.454	205.294	0.01686
geometric_n250_d20	nsm_rho1	-0.20	32	190.706	190.206	8.708	190.206	0.01862
geometric_n250_d20	nsm_rho1	-0.10	32	183.044	169.800	6.988	169.800	0.02224
geometric_n250_d20	nsm_rho1	0.00	32	181.856	166.606	5.277	166.606	0.02807
geometric_n250_d20	nsm_rho1	0.10	32	190.206	185.800	7.214	185.800	0.03651
geometric_n250_d20	nsm_rho1	0.20	32	162.056	159.350	4.329	159.350	0.04608
geometric_n250_d20	nsm_rho1	0.30	32	166.156	165.463	6.055	165.569	0.06070
geometric_n250_d20	nsm_rho1	0.40	32	155.769	152.550	4.813	153.613	0.08044
geometric_n250_d20	nsm_rho1	0.50	32	153.963	144.369	3.153	150.763	0.11365
geometric_n250_d20	nsm_rho1	0.60	32	143.363	133.800	0.000	156.963	0.16206
geometric_n250_d20	nsm_rho1	0.70	32	141.206	133.800	0.000	203.200	0.25775
geometric_n250_d20	nsm_rho1	0.80	32	150.588	147.400	2.831	304.675	0.39603
geometric_n250_d20	nsm_rho1	0.90	32	165.319	157.863	3.215	460.669	0.57756
geometric_n250_d20	nsm_rho1	1.00	32	180.719	172.738	5.225	637.269	0.73753
geometric_n250_d20	nsm_rho1	1.10	8	181.325	203.150	19.870	762.500	0.82141
geometric_n250_d20	nsm_rho1	1.20	8	198.600	198.125	12.281	830.275	0.87047
geometric_n250_d20	nsm_rho0.5	-1.00	8	243.925	235.375	18.543	235.375	0.00853
geometric_n250_d20	nsm_rho0.5	-0.90	8	242.925	230.650	18.894	230.650	0.00934
geometric_n250_d20	nsm_rho0.5	-0.80	8	224.300	224.100	18.737	224.100	0.00933
geometric_n250_d20	nsm_rho0.5	-0.70	8	190.950	189.600	14.394	189.600	0.01148
geometric_n250_d20	nsm_rho0.5	-0.60	8	201.525	201.525	19.664	201.525	0.01024
geometric_n250_d20	nsm_rho0.5	-0.50	8	209.650	209.150	24.886	209.150	0.01308
geometric_n250_d20	nsm_rho0.5	-0.40	8	171.325	170.250	11.054	170.250	0.01266
geometric_n250_d20	nsm_rho0.5	-0.30	8	175.425	173.925	12.531	173.925	0.01610
geometric_n250_d20	nsm_rho0.5	-0.20	8	212.975	211.075	16.037	211.075	0.02178
geometric_n250_d20	nsm_rho0.5	-0.10	8	190.475	177.975	15.290	177.975	0.02067
geometric_n250_d20	nsm_rho0.5	0.00	8	156.200	156.200	9.560	156.200	0.02603
geometric_n250_d20	nsm_rho0.5	0.10	8	189.575	185.925	10.751	185.925	0.03738
geometric_n250_d20	nsm_rho0.5	0.20	8	168.425	168.325	10.062	168.325	0.04532
geometric_n250_d20	nsm_rho0.5	0.30	8	193.150	173.800	12.912	174.375	0.06408
geometric_n250_d20	nsm_rho0.5	0.40	8	156.500	156.250	9.562	158.300	0.08249
geometric_n250_d20	nsm_rho0.5	0.50	8	163.425	143.850	4.912	149.725	0.11635
geometric_n250_d20	nsm_rho0.5	0.60	8	148.400	136.850	3.050	161.775	0.16319
geometric_n250_d20	nsm_rho0.5	0.70	8	150.875	133.800	0.000	202.825	0.25509
geometric_n250_d20	nsm_rho0.5	0.80	8	149.775	140.400	4.337	301.750	0.39161
geometric_n250_d20	nsm_rho0.5	0.90	8	160.400	151.975	5.432	460.325	0.56841
geometric_n250_d20	nsm_rho0.5	1.00	8	179.325	176.150	14.017	640.250	0.73385
geometric_n250_d20	nsm_rho0.5	1.10	8	182.975	195.950	15.307	772.300	0.81937
geometric_n250_d20	nsm_rho0.5	1.20	8	172.225	167.000	11.720	828.675	0.86929
geometric_n250_d20	nsm_erosion	-1.00	8	200.650	195.525	13.825	195.525	0.00856
geometric_n250_d20	nsm_erosion	-0.90	8	202.475	201.475	17.925	201.475	0.01009
geometric_n250_d20	nsm_erosion	-0.80	8	212.700	209.200	19.942	209.200	0.01064
geometric_n250_d20	nsm_erosion	-0.70	8	216.050	185.825	17.401	185.825	0.01211
geometric_n250_d20	nsm_erosion	-0.60	8	221.175	211.175	19.594	211.175	0.01106
geometric_n250_d20	nsm_erosion	-0.50	8	204.775	203.825	16.631	203.825	0.01210
geometric_n250_d20	nsm_erosion	-0.40	8	211.250	197.150	16.604	197.150	0.01234
geometric_n250_d20	nsm_erosion	-0.30	32	187.675	182.013	7.594	182.013	0.01592
geometric_n250_d20	nsm_erosion	-0.20	32	184.831	175.325	7.734	175.325	0.01793
geometric_n250_d20	nsm_erosion	-0.10	32	192.563	183.137	6.644	183.137	0.02271
geometric_n250_d20	nsm_erosion	0.00	32	174.381	165.731	6.773	165.731	0.02757
geometric_n250_d20	nsm_erosion	0.10	32	175.713	162.550	5.537	162.550	0.03399
geometric_n250_d20	nsm_erosion	0.20	32	158.638	153.038	4.290	153.038	0.04311
geometric_n250_d20	nsm_erosion	0.30	32	160.075	152.556	3.600	152.719	0.05862
geometric_n250_d20	nsm_erosion	0.40	32	168.894	161.563	6.067	162.875	0.08313
geometric_n250_d20	nsm_erosion	0.50	32	149.600	139.369	1.903	144.956	0.11023
geometric_n250_d20	nsm_erosion	0.60	32	149.156	137.831	1.688	161.588	0.16304
geometric_n250_d20	nsm_erosion	0.70	32	144.625	136.381	1.457	203.625	0.25335
geometric_n250_d20	nsm_erosion	0.80	32	152.675	148.025	2.496	298.675	0.39021
geometric_n250_d20	nsm_erosion	0.90	32	155.694	159.163	2.521	447.844	0.56338
geometric_n250_d20	nsm_erosion	1.00	32	176.438	170.419	3.307	613.787	0.72183
geometric_n250_d20	nsm_erosion	1.10	8	171.825	171.800	10.240	743.575	0.81128
geometric_n250_d20	nsm_erosion	1.20	8	184.325	208.125	14.915	823.225	0.86296
geometric_n250_d20	hk_tau0.5	-1.00	8	180.075	179.700	13.383	179.700	0.00158
geometric_n250_d20	hk_tau0.5	-0.90	8	188.500	188.100	20.087	188.100	0.00207
geometric_n250_d20	hk_tau0.5	-0.80	8	184.600	160.750	9.105	160.750	0.00063
geometric_n250_d20	hk_tau0.5	-0.70	8	203.050	199.450	20.193	199.450	0.00282
geometric_n250_d20	hk_tau0.5	-0.60	8	183.550	181.575	11.739	181.575	0.00254
geometric_n250_d20	hk_tau0.5	-0.50	8	204.475	203.500	16.128	203.500	0.00456
geometric_n250_d20	hk_tau0.5	-0.40	8	176.300	172.375	14.692	172.375	0.00461
geometric_n250_d20	hk_tau0.5	-0.30	32	205.838	191.281	7.855	191.281	0.00764
geometric_n250_d20	hk_tau0.5	-0.20	32	194.700	186.456	7.416	186.456	0.00993
geometric_n250_d20	hk_tau0.5	-0.10	32	199.963	178.038	6.369	178.038	0.01445
geometric_n250_d20	hk_tau0.5	0.00	32	168.725	163.188	5.542	163.188	0.01721
geometric_n250_d20	hk_tau0.5	0.10	32	175.413	164.488	5.826	164.488	0.02529
geometric_n250_d20	hk_tau0.5	0.20	32	171.675	162.919	4.950	162.956	0.03597
geometric_n250_d20	hk_tau0.5	0.30	32	154.337	154.112	3.499	154.112	0.04786
geometric_n250_d20	hk_tau0.5	0.40	32	151.713	149.200	4.379	149.388	0.06529
geometric_n250_d20	hk_tau0.5	0.50	32	149.694	141.544	2.068	143.319	0.09482
geometric_n250_d20	hk_tau0.5	0.60	32	142.081	133.800	0.000	145.175	0.13983
geometric_n250_d20	hk_tau0.5	0.70	32	136.963	133.800	0.000	184.044	0.23258
geometric_n250_d20	hk_tau0.5	0.80	32	149.050	143.056	2.531	299.962	0.39007
geometric_n250_d20	hk_tau0.5	0.90	32	169.869	159.475	3.184	472.056	0.60963
geometric_n250_d20	hk_tau0.5	1.00	32	178.781	166.894	4.859	671.756	0.76325
geometric_n250_d20	hk_tau0.5	1.10	8	196.975	153.775	6.762	776.825	0.83656
geometric_n250_d20	hk_tau0.5	1.20	8	195.400	177.975	12.171	847.100	0.87968
geometric_n250_d20	hk_tau2	-1.00	8	208.500	205.400	12.945	205.550	0.00219
geometric_n250_d20	hk_tau2	-0.90	8	176.450	176.300	13.150	176.300	0.00064
geometric_n250_d20	hk_tau2	-0.80	8	153.725	153.725	6.162	153.725	0.00091
geometric_n250_d20	hk_tau2	-0.70	8	185.175	185.175	16.737	185.300	0.00203
geometric_n250_d20	hk_tau2	-0.60	8	198.675	198.675	12.689	198.675	0.00232
geometric_n250_d20	hk_tau2	-0.50	8	175.400	175.400	15.786	175.400	0.00399
geometric_n250_d20	hk_tau2	-0.40	8	148.225	148.225	8.483	148.225	0.00424
geometric_n250_d20	hk_tau2	-0.30	32	180.119	173.275	6.473	173.275	0.00737
geometric_n250_d20	hk_tau2	-0.20	32	163.650	160.263	5.573	160.263	0.00942
geometric_n250_d20	hk_tau2	-0.10	32	170.106	164.725	4.908	164.725	0.01370
geometric_n250_d20	hk_tau2	0.00	32	156.756	156.725	4.710	156.725	0.01817
geometric_n250_d20	hk_tau2	0.10	32	167.719	158.081	5.217	158.475	0.02562
geometric_n250_d20	hk_tau2	0.20	32	152.281	152.281	4.105	152.319	0.03257
geometric_n250_d20	hk_tau2	0.30	32	155.531	148.169	3.157	148.344	0.04455
geometric_n250_d20	hk_tau2	0.40	32	154.794	143.725	3.819	144.363	0.05895
geometric_n250_d20	hk_tau2	0.50	32	142.175	134.563	0.762	135.050	0.07993
geometric_n250_d20	hk_tau2	0.60	32	137.081	133.800	0.000	140.488	0.12547
geometric_n250_d20	hk_tau2	0.70	32	133.800	133.800	0.000	184.925	0.22292
geometric_n250_d20	hk_tau2	0.80	32	140.844	135.869	1.555	317.319	0.43823
geometric_n250_d20	hk_tau2	0.90	32	164.550	153.775	3.766	568.800	0.70327
geometric_n250_d20	hk_tau2	1.00	32	183.513	170.725	5.067	738.500	0.81502
geometric_n250_d20	hk_tau2	1.10	8	182.200	159.050	8.990	826.750	0.86908
geometric_n250_d20	hk_tau2	1.20	8	202.775	191.500	14.493	869.900	0.90279
geometric_n250_d20	hk_sched	-1.00	8	175.750	174.950	11.285	174.950	0.00162
geometric_n250_d20	hk_sched	-0.90	8	178.475	177.425	14.036	177.425	0.00181
geometric_n250_d20	hk_sched	-0.80	8	161.950	161.950	9.267	161.950	0.00170
geometric_n250_d20	hk_sched	-0.70	8	168.275	167.900	15.443	167.900	0.00286
geometric_n250_d20	hk_sched	-0.60	8	190.250	190.250	15.321	190.250	0.00379
geometric_n250_d20	hk_sched	-0.50	8	180.400	178.275	9.259	178.275	0.00569
geometric_n250_d20	hk_sched	-0.40	8	148.275	148.275	8.492	148.275	0.00490
geometric_n250_d20	hk_sched	-0.30	32	158.038	157.994	4.826	158.394	0.00709
geometric_n250_d20	hk_sched	-0.20	32	169.288	169.256	4.681	169.256	0.01062
geometric_n250_d20	hk_sched	-0.10	32	159.263	155.594	3.993	155.594	0.01377
geometric_n250_d20	hk_sched	0.00	32	161.469	156.163	4.585	156.163	0.01865
geometric_n250_d20	hk_sched	0.10	32	152.481	146.900	3.033	146.900	0.02418
geometric_n250_d20	hk_sched	0.20	32	148.569	146.938	3.083	146.938	0.03297
geometric_n250_d20	hk_sched	0.30	32	152.131	147.781	3.092	147.781	0.04843
geometric_n250_d20	hk_sched	0.40	32	146.694	141.413	2.028	141.769	0.06692
geometric_n250_d20	hk_sched	0.50	32	147.300	136.850	1.449	138.256	0.09675
geometric_n250_d20	hk_sched	0.60	32	142.050	133.800	0.000	144.131	0.14488
geometric_n250_d20	hk_sched	0.70	32	135.019	134.550	0.750	185.400	0.24316
geometric_n250_d20	hk_sched	0.80	32	138.950	142.900	2.273	301.369	0.41132
geometric_n250_d20	hk_sched	0.90	32	158.569	157.338	4.213	455.638	0.61965
geometric_n250_d20	hk_sched	1.00	32	165.488	176.844	6.150	636.962	0.76531
geometric_n250_d20	hk_sched	1.10	8	170.325	162.175	6.189	761.125	0.83817
geometric_n250_d20	hk_sched	1.20	8	201.300	192.700	12.348	818.925	0.88134
geometric_n500_d5	none	-1.00	8	53.975	49.875	1.394	49.875	0.00323
geometric_n500_d5	none	-0.90	8	64.500	59.375	2.345	59.375	0.00647
geometric_n500_d5	none	-0.80	8	60.125	50.875	5.290	50.875	0.00753
geometric_n500_d5	none	-0.70	8	53.000	41.650	3.752	41.650	0.00899
geometric_n500_d5	none	-0.60	8	41.625	33.875	5.194	33.875	0.01150
geometric_n500_d5	none	-0.50	8	38.250	31.500	1.150	31.500	0.01630
geometric_n500_d5	none	-0.40	8	34.600	28.125	2.271	28.225	0.02348
geometric_n500_d5	none	-0.30	32	31.731	22.869	1.610	23.231	0.03702
geometric_n500_d5	none	-0.20	32	29.856	22.031	0.947	23.756	0.05767
geometric_n500_d5	none	-0.10	32	30.131	19.656	1.175	26.025	0.08898
geometric_n500_d5	none	0.00	32	33.669	20.675	1.386	37.019	0.13528
geometric_n500_d5	none	0.10	32	34.081	21.850	1.011	56.919	0.20078
geometric_n500_d5	none	0.20	32	36.094	27.344	1.105	96.500	0.28927
geometric_n500_d5	none	0.30	32	44.775	40.794	1.657	161.300	0.40112
geometric_n500_d5	none	0.40	32	52.956	51.300	1.954	236.569	0.52210
geometric_n500_d5	none	0.50	32	64.781	59.775	2.080	308.325	0.62922
geometric_n500_d5	none	0.60	32	76.456	70.744	2.659	366.694	0.71286
geometric_n500_d5	none	0.70	32	71.900	70.369	2.462	403.956	0.77485
geometric_n500_d5	none	0.80	32	77.000	73.219	2.500	435.713	0.82137
geometric_n500_d5	none	0.90	32	80.312	80.375	2.656	453.950	0.85646
geometric_n500_d5	none	1.00	32	75.706	77.888	2.692	469.125	0.88360
geometric_n500_d5	none	1.10	8	80.250	70.250	4.233	480.225	0.90530
geometric_n500_d5	none	1.20	8	80.625	79.725	4.151	484.325	0.92195
geometric_n500_d5	rk1	-1.00	8	67.900	65.125	6.151	65.300	0.00039
geometric_n500_d5	rk1	-0.90	8	74.625	66.725	2.095	67.175	0.00043
geometric_n500_d5	rk1	-0.80	8	70.900	66.375	4.302	66.825	0.00045
geometric_n500_d5	rk1	-0.70	8	67.875	62.425	3.321	63.250	0.00045
geometric_n500_d5	rk1	-0.60	8	74.650	60.625	3.412	61.200	0.00056
geometric_n500_d5	rk1	-0.50	8	65.500	51.400	4.103	53.550	0.00065
geometric_n500_d5	rk1	-0.40	8	61.650	47.500	3.349	49.100	0.00086
geometric_n500_d5	rk1	-0.30	32	56.919	40.831	1.539	44.275	0.00128
geometric_n500_d5	rk1	-0.20	32	56.069	36.225	1.552	42.394	0.00232
geometric_n500_d5	rk1	-0.10	32	49.000	31.688	1.362	43.894	0.00506
geometric_n500_d5	rk1	0.00	32	45.350	30.294	1.404	53.237	0.01236
geometric_n500_d5	rk1	0.10	32	45.781	29.975	1.335	71.969	0.03010
geometric_n500_d5	rk1	0.20	32	45.981	33.206	1.320	110.125	0.06972
geometric_n500_d5	rk1	0.30	32	51.925	42.637	1.547	170.394	0.14715
geometric_n500_d5	rk1	0.40	32	63.862	54.344	1.606	243.487	0.26700
geometric_n500_d5	rk1	0.50	32	69.562	68.244	2.342	311.075	0.40288
geometric_n500_d5	rk1	0.60	32	70.344	68.100	3.031	370.562	0.52459
geometric_n500_d5	rk1	0.70	32	72.162	69.094	2.138	406.456	0.62261
geometric_n500_d5	rk1	0.80	32	75.081	75.575	2.335	432.919	0.69874
geometric_n500_d5	rk1	0.90	32	76.562	75.431	3.286	456.600	0.75790
geometric_n500_d5	rk1	1.00	32	76.994	75.775	2.379	470.381	0.80415
geometric_n500_d5	rk1	1.10	8	80.250	86.375	6.595	482.525	0.84054
geometric_n500_d5	rk1	1.20	8	61.025	81.500	8.051	486.800	0.86985
geometric_n500_d5	rk4	-1.00	8	60.825	58.275	3.265	58.325	0.00041
geometric_n500_d5	rk4	-0.90	8	61.125	56.225	3.991	56.275	0.00042
geometric_n500_d5	rk4	-0.80	8	64.250	60.500	5.372	60.500	0.00047
geometric_n500_d5	rk4	-0.70	8	63.800	57.100	4.148	57.175	0.00063
geometric_n500_d5	rk4	-0.60	8	60.275	46.625	3.580	46.775	0.00098
geometric_n500_d5	rk4	-0.50	8	55.400	40.375	2.964	40.550	0.00207
geometric_n500_d5	rk4	-0.40	8	44.675	32.875	2.741	33.125	0.00455
geometric_n500_d5	rk4	-0.30	8	39.275	32.750	3.110	33.150	0.00996
geometric_n500_d5	rk4	-0.20	8	35.400	29.350	1.321	31.975	0.02167
geometric_n500_d5	rk4	-0.10	8	30.650	23.500	3.224	30.375	0.04050
geometric_n500_d5	rk4	0.00	8	34.125	25.100	2.117	43.450	0.07292
geometric_n500_d5	rk4	0.10	8	34.525	23.600	2.488	61.375	0.12311
geometric_n500_d5	rk4	0.20	8	36.400	28.600	2.394	101.225	0.19857
geometric_n500_d5	rk4	0.30	8	40.875	38.125	2.271	161.350	0.30768
geometric_n500_d5	rk4	0.40	8	61.100	53.325	3.619	235.375	0.43409
geometric_n500_d5	rk4	0.50	8	62.400	65.650	4.217	317.750	0.55564
geometric_n500_d5	rk4	0.60	8	72.800	69.250	5.918	363.725	0.65338
geometric_n500_d5	rk4	0.70	8	76.000	75.125	4.608	404.950	0.72792
geometric_n500_d5	rk4	0.80	8	77.125	75.000	5.011	428.675	0.78462
geometric_n500_d5	rk4	0.90	8	81.000	83.725	4.867	451.675	0.82713
geometric_n500_d5	rk4	1.00	8	83.350	70.850	5.493	471.700	0.86022
geometric_n500_d5	rk4	1.10	8	74.625	77.500	4.379	482.850	0.88644
geometric_n500_d5	rk4	1.20	8	78.375	77.150	6.049	492.550	0.90725
geometric_n500_d5	nsm_rho1	-1.00	8	48.300	41.775	2.350	41.775	0.00717
geometric_n500_d5	nsm_rho1	-0.90	8	50.900	43.375	3.122	43.375	0.00918
geometric_n500_d5	nsm_rho1	-0.80	8	50.025	41.725	4.951	41.725	0.01066
geometric_n500_d5	nsm_rho1	-0.70	8	45.850	40.100	2.759	40.100	0.01250
geometric_n500_d5	nsm_rho1	-0.60	8	47.900	38.250	2.336	38.275	0.01566
geometric_n500_d5	nsm_rho1	-0.50	8	38.625	30.625	2.725	30.625	0.02073
geometric_n500_d5	nsm_rho1	-0.40	8	35.500	24.875	1.505	24.900	0.02913
geometric_n500_d5	nsm_rho1	-0.30	32	34.425	28.944	1.271	29.625	0.04299
geometric_n500_d5	nsm_rho1	-0.20	32	30.062	22.988	1.158	26.062	0.06235
geometric_n500_d5	nsm_rho1	-0.10	32	28.719	20.706	1.088	28.725	0.09383
geometric_n500_d5	nsm_rho1	0.00	32	31.075	21.350	1.029	38.219	0.14029
geometric_n500_d5	nsm_rho1	0.10	32	31.994	22.531	0.711	59.431	0.20618
geometric_n500_d5	nsm_rho1	0.20	32	35.919	28.706	1.556	100.644	0.29460
geometric_n500_d5	nsm_rho1	0.30	32	45.825	40.944	1.507	162.619	0.40686
geometric_n500_d5	nsm_rho1	0.40	32	59.112	54.250	1.564	239.050	0.52651
geometric_n500_d5	nsm_rho1	0.50	32	65.119	65.275	2.076	310.069	0.63330
geometric_n500_d5	nsm_rho1	0.60	32	70.362	68.631	2.053	366.412	0.71653
geometric_n500_d5	nsm_rho1	0.70	32	73.413	73.312	2.644	407.156	0.77802
geometric_n500_d5	nsm_rho1	0.80	32	73.781	70.175	2.491	434.756	0.82365
geometric_n500_d5	nsm_rho1	0.90	32	79.350	76.363	2.155	454.338	0.85855
geometric_n500_d5	nsm_rho1	1.00	32	78.987	82.400	3.017	470.719	0.88515
geometric_n500_d5	nsm_rho1	1.10	8	82.350	80.250	3.499	477.025	0.90621
geometric_n500_d5	nsm_rho1	1.20	8	78.625	82.350	4.671	487.525	0.92295
geometric_n500_d5	nsm_rho0.5	-1.00	8	53.350	42.875	4.138	42.875	0.00752
geometric_n500_d5	nsm_rho0.5	-0.90	8	52.100	46.125	3.237	46.125	0.00861
geometric_n500_d5	nsm_rho0.5	-0.80	8	57.250	48.500	2.777	48.500	0.01124
geometric_n500_d5	nsm_rho0.5	-0.70	8	37.500	30.775	3.425	30.775	0.01298
geometric_n500_d5	nsm_rho0.5	-0.60	8	44.650	36.500	2.260	36.500	0.01539
geometric_n500_d5	nsm_rho0.5	-0.50	8	41.850	29.875	1.913	29.875	0.02044
geometric_n500_d5	nsm_rho0.5	-0.40	8	39.875	33.000	3.185	33.000	0.03039
geometric_n500_d5	nsm_rho0.5	-0.30	8	29.875	22.400	2.155	23.450	0.04041
geometric_n500_d5	nsm_rho0.5	-0.20	8	33.150	23.400	3.732	26.150	0.06202
geometric_n500_d5	nsm_rho0.5	-0.10	8	27.125	20.850	2.761	28.375	0.09214
geometric_n500_d5	nsm_rho0.5	0.00	8	34.125	26.000	1.626	41.325	0.13972
geometric_n500_d5	nsm_rho0.5	0.10	8	34.375	20.625	1.721	57.200	0.20437
geometric_n500_d5	nsm_rho0.5	0.20	8	38.025	26.750	1.906	98.950	0.29358
geometric_n500_d5	nsm_rho0.5	0.30	8	48.000	43.975	2.319	166.325	0.40612
geometric_n500_d5	nsm_rho0.5	0.40	8	57.725	50.600	1.757	237.600	0.52670
geometric_n500_d5	nsm_rho0.5	0.50	8	63.000	57.375	2.639	307.650	0.63338
geometric_n500_d5	nsm_rho0.5	0.60	8	69.625	69.125	3.613	367.300	0.71684
geometric_n500_d5	nsm_rho0.5	0.70	8	68.250	82.000	4.567	407.300	0.77877
geometric_n500_d5	nsm_rho0.5	0.80	8	75.875	72.625	4.531	434.025	0.82470
geometric_n500_d5	nsm_rho0.5	0.90	8	76.625	74.250	5.175	458.000	0.85917
geometric_n500_d5	nsm_rho0.5	1.00	8	77.750	74.025	4.230	470.825	0.88564
geometric_n500_d5	nsm_rho0.5	1.10	8	75.500	82.250	3.839	480.175	0.90698
geometric_n500_d5	nsm_rho0.5	1.20	8	69.525	70.225	4.319	491.675	0.92335
geometric_n500_d5	nsm_erosion	-1.00	8	52.650	45.500	3.775	45.500	0.00793
geometric_n500_d5	nsm_erosion	-0.90	8	49.400	42.025	2.386	42.025	0.00934
geometric_n500_d5	nsm_erosion	-0.80	8	51.625	39.875	2.508	39.875	0.00961
geometric_n500_d5	nsm_erosion	-0.70	8	46.900	39.350	1.481	39.350	0.01160
geometric_n500_d5	nsm_erosion	-0.60	8	40.500	34.125	4.181	34.125	0.01409
geometric_n500_d5	nsm_erosion	-0.50	8	42.375	35.750	2.993	35.750	0.02080
geometric_n500_d5	nsm_erosion	-0.40	8	35.000	28.375	2.591	28.425	0.02859
geometric_n500_d5	nsm_erosion	-0.30	32	32.394	25.250	1.199	25.938	0.04151
geometric_n500_d5	nsm_erosion	-0.20	32	30.788	22.938	1.302	26.006	0.06213
geometric_n500_d5	nsm_erosion	-0.10	32	31.013	22.262	1.364	30.500	0.09341
geometric_n500_d5	nsm_erosion	0.00	32	30.538	20.250	0.899	38.269	0.13849
geometric_n500_d5	nsm_erosion	0.10	32	33.200	21.763	1.103	60.075	0.20339
geometric_n500_d5	nsm_erosion	0.20	32	35.781	26.244	1.025	99.987	0.29216
geometric_n500_d5	nsm_erosion	0.30	32	44.675	40.825	1.336	163.981	0.40487
geometric_n500_d5	nsm_erosion	0.40	32	57.156	52.306	1.492	241.225	0.52468
geometric_n500_d5	nsm_erosion	0.50	32	65.781	64.131	1.917	308.356	0.63179
geometric_n500_d5	nsm_erosion	0.60	32	70.306	74.731	2.358	366.350	0.71566
geometric_n500_d5	nsm_erosion	0.70	32	74.250	72.631	2.316	402.994	0.77790
geometric_n500_d5	nsm_erosion	0.80	32	79.150	71.219	2.833	432.587	0.82426
geometric_n500_d5	nsm_erosion	0.90	32	82.869	78.819	2.049	454.537	0.85977
geometric_n500_d5	nsm_erosion	1.00	32	78.006	74.344	2.646	470.637	0.88671
geometric_n500_d5	nsm_erosion	1.10	8	75.750	82.250	6.301	479.025	0.90787
geometric_n500_d5	nsm_erosion	1.20	8	66.500	77.875	3.425	491.200	0.92440
geometric_n500_d5	hk_tau0.5	-1.00	8	55.775	53.875	4.108	53.875	0.00470
geometric_n500_d5	hk_tau0.5	-0.90	8	55.275	48.525	1.876	48.525	0.00524
geometric_n500_d5	hk_tau0.5	-0.80	8	44.500	36.250	3.369	36.250	0.00690
geometric_n500_d5	hk_tau0.5	-0.70	8	47.900	40.875	2.496	40.875	0.00831
geometric_n500_d5	hk_tau0.5	-0.60	8	41.525	37.150	3.373	37.150	0.00961
geometric_n500_d5	hk_tau0.5	-0.50	8	39.000	31.875	1.846	31.875	0.01269
geometric_n500_d5	hk_tau0.5	-0.40	8	32.100	25.850	2.617	25.850	0.01841
geometric_n500_d5	hk_tau0.5	-0.30	32	28.969	22.219	1.286	22.231	0.02694
geometric_n500_d5	hk_tau0.5	-0.20	32	29.038	20.562	1.063	20.931	0.04334
geometric_n500_d5	hk_tau0.5	-0.10	32	28.562	16.887	1.118	20.056	0.06770
geometric_n500_d5	hk_tau0.5	0.00	32	26.581	14.663	0.898	25.063	0.10816
geometric_n500_d5	hk_tau0.5	0.10	32	24.581	15.200	0.739	41.850	0.16994
geometric_n500_d5	hk_tau0.5	0.20	32	31.756	22.050	1.117	83.575	0.26693
geometric_n500_d5	hk_tau0.5	0.30	32	39.306	37.188	1.766	158.687	0.39719
geometric_n500_d5	hk_tau0.5	0.40	32	56.062	51.431	1.586	250.294	0.53410
geometric_n500_d5	hk_tau0.5	0.50	32	65.469	62.269	2.140	324.231	0.64567
geometric_n500_d5	hk_tau0.5	0.60	32	64.713	67.106	2.504	378.844	0.72787
geometric_n500_d5	hk_tau0.5	0.70	32	70.469	67.744	3.016	414.981	0.78692
geometric_n500_d5	hk_tau0.5	0.80	32	79.006	74.069	2.244	439.813	0.83045
geometric_n500_d5	hk_tau0.5	0.90	32	80.781	77.369	2.285	460.444	0.86371
geometric_n500_d5	hk_tau0.5	1.00	32	79.900	74.369	2.817	472.469	0.88906
geometric_n500_d5	hk_tau0.5	1.10	8	75.375	75.225	5.958	481.125	0.90903
geometric_n500_d5	hk_tau0.5	1.20	8	85.875	78.125	3.618	493.950	0.92498
geometric_n500_d5	hk_tau2	-1.00	8	47.150	44.125	3.056	44.125	0.00356
geometric_n500_d5	hk_tau2	-0.90	8	50.425	45.750	4.427	45.750	0.00527
geometric_n500_d5	hk_tau2	-0.80	8	35.250	31.000	2.922	31.000	0.00566
geometric_n500_d5	hk_tau2	-0.70	8	33.075	25.875	2.731	25.875	0.00585
geometric_n500_d5	hk_tau2	-0.60	8	33.525	29.850	3.329	29.850	0.00721
geometric_n500_d5	hk_tau2	-0.50	8	24.875	21.650	2.207	21.650	0.00910
geometric_n500_d5	hk_tau2	-0.40	8	22.275	17.125	1.865	17.125	0.01060
geometric_n500_d5	hk_tau2	-0.30	32	22.663	18.756	1.033	18.756	0.01573
geometric_n500_d5	hk_tau2	-0.20	32	19.806	16.069	1.125	16.075	0.02360
geometric_n500_d5	hk_tau2	-0.10	32	16.587	10.531	0.747	10.619	0.03784
geometric_n500_d5	hk_tau2	0.00	32	16.469	7.188	0.423	9.600	0.06561
geometric_n500_d5	hk_tau2	0.10	32	13.931	8.981	0.493	23.231	0.12343
geometric_n500_d5	hk_tau2	0.20	32	20.625	14.250	0.771	67.919	0.23441
geometric_n500_d5	hk_tau2	0.30	32	35.131	31.469	1.551	166.150	0.41045
geometric_n500_d5	hk_tau2	0.40	32	50.619	47.081	1.804	281.075	0.57454
geometric_n500_d5	hk_tau2	0.50	32	58.769	56.519	2.869	363.025	0.68456
geometric_n500_d5	hk_tau2	0.60	32	67.281	63.288	2.405	404.869	0.75791
geometric_n500_d5	hk_tau2	0.70	32	73.431	70.519	2.150	439.106	0.80956
geometric_n500_d5	hk_tau2	0.80	32	73.031	71.875	1.700	455.794	0.84749
geometric_n500_d5	hk_tau2	0.90	32	72.319	74.644	2.275	471.556	0.87616
geometric_n500_d5	hk_tau2	1.00	32	73.256	72.969	2.473	485.194	0.89849
geometric_n500_d5	hk_tau2	1.10	8	81.375	82.000	4.432	491.625	0.91586
geometric_n500_d5	hk_tau2	1.20	8	76.650	71.125	5.340	493.075	0.93020
geometric_n500_d5	hk_sched	-1.00	8	29.350	29.000	3.157	29.000	0.00336
geometric_n500_d5	hk_sched	-0.90	8	27.150	26.500	3.065	26.500	0.00434
geometric_n500_d5	hk_sched	-0.80	8	26.450	25.125	3.136	25.125	0.00532
geometric_n500_d5	hk_sched	-0.70	8	26.875	25.725	2.730	25.725	0.00781
geometric_n500_d5	hk_sched	-0.60	8	24.250	22.725	2.815	22.725	0.00846
geometric_n500_d5	hk_sched	-0.50	8	20.775	18.250	1.998	18.250	0.01236
geometric_n500_d5	hk_sched	-0.40	8	22.225	21.125	2.409	21.150	0.01790
geometric_n500_d5	hk_sched	-0.30	32	18.863	17.094	1.232	17.263	0.02783
geometric_n500_d5	hk_sched	-0.20	32	16.031	14.537	0.893	14.856	0.04255
geometric_n500_d5	hk_sched	-0.10	32	13.481	12.756	0.906	13.156	0.06754
geometric_n500_d5	hk_sched	0.00	32	9.763	8.850	0.582	11.381	0.10611
geometric_n500_d5	hk_sched	0.10	32	8.900	9.469	0.525	26.300	0.16972
geometric_n500_d5	hk_sched	0.20	32	14.231	16.337	1.068	75.988	0.26805
geometric_n500_d5	hk_sched	0.30	32	27.306	36.512	1.739	160.069	0.40405
geometric_n500_d5	hk_sched	0.40	32	46.219	55.481	2.002	241.581	0.54043
geometric_n500_d5	hk_sched	0.50	32	55.344	62.425	2.349	314.694	0.64954
geometric_n500_d5	hk_sched	0.60	32	61.306	66.450	2.157	370.231	0.72971
geometric_n500_d5	hk_sched	0.70	32	71.225	77.781	2.371	411.787	0.78795
geometric_n500_d5	hk_sched	0.80	32	73.062	75.494	2.185	440.356	0.83117
geometric_n500_d5	hk_sched	0.90	32	74.575	77.300	2.443	457.031	0.86401
geometric_n500_d5	hk_sched	1.00	32	75.944	78.775	2.471	469.675	0.88930
geometric_n500_d5	hk_sched	1.10	8	73.500	74.725	5.246	481.025	0.90902
geometric_n500_d5	hk_sched	1.20	8	77.125	79.125	3.276	490.225	0.92517
geometric_n500_d10	none	-1.00	8	158.800	155.075	7.454	155.075	0.00266
geometric_n500_d10	none	-0.90	8	148.650	147.625	11.215	147.625	0.00280
geometric_n500_d10	none	-0.80	8	150.275	147.000	6.002	147.000	0.00444
geometric_n500_d10	none	-0.70	8	154.450	150.350	11.666	150.350	0.00562
geometric_n500_d10	none	-0.60	8	142.500	140.100	10.734	140.100	0.00636
geometric_n500_d10	none	-0.50	8	146.225	134.175	8.849	134.175	0.00912
geometric_n500_d10	none	-0.40	8	159.100	146.700	11.863	146.700	0.01092
geometric_n500_d10	none	-0.30	32	131.475	126.531	4.123	126.531	0.01467
geometric_n500_d10	none	-0.20	32	123.219	111.631	4.075	111.631	0.01930
geometric_n500_d10	none	-0.10	32	115.919	100.644	4.794	100.694	0.02729
geometric_n500_d10	none	0.00	32	112.888	94.400	3.887	94.906	0.03914
geometric_n500_d10	none	0.10	32	117.250	99.263	4.000	102.737	0.05933
geometric_n500_d10	none	0.20	32	99.800	82.681	4.304	90.844	0.08555
geometric_n500_d10	none	0.30	32	89.788	61.331	2.444	91.056	0.12604
geometric_n500_d10	none	0.40	32	82.819	57.581	2.524	138.688	0.19833
geometric_n500_d10	none	0.50	32	84.381	61.881	2.680	235.975	0.30761
geometric_n500_d10	none	0.60	32	103.487	89.500	3.447	415.687	0.46497
geometric_n500_d10	none	0.70	32	126.600	116.756	4.125	622.656	0.61884
geometric_n500_d10	none	0.80	32	149.338	146.644	5.472	772.150	0.72611
geometric_n500_d10	none	0.90	32	159.700	171.938	5.565	860.619	0.79562
geometric_n500_d10	none	1.00	32	159.619	166.213	5.503	908.962	0.84267
geometric_n500_d10	none	1.10	8	156.500	158.675	10.928	946.475	0.87673
geometric_n500_d10	none	1.20	8	149.750	155.950	7.833	972.600	0.90191
geometric_n500_d10	rk1	-1.00	8	185.225	174.050	15.389	174.850	0.00043
geometric_n500_d10	rk1	-0.90	8	165.150	158.050	9.219	159.150	0.00044
geometric_n500_d10	rk1	-0.80	8	191.025	176.075	9.820	178.450	0.00045
geometric_n500_d10	rk1	-0.70	8	155.800	152.550	16.717	152.900	0.00047
geometric_n500_d10	rk1	-0.60	8	155.225	143.950	11.556	144.900	0.00047
geometric_n500_d10	rk1	-0.50	8	152.400	139.000	10.428	142.325	0.00052
geometric_n500_d10	rk1	-0.40	8	157.225	140.050	10.176	143.300	0.00055
geometric_n500_d10	rk1	-0.30	32	163.663	153.356	6.457	155.444	0.00062
geometric_n500_d10	rk1	-0.20	32	156.313	143.025	4.404	145.781	0.00074
geometric_n500_d10	rk1	-0.10	32	159.144	139.675	5.055	144.469	0.00096
geometric_n500_d10	rk1	0.00	32	159.069	138.281	4.956	144.850	0.00141
geometric_n500_d10	rk1	0.10	32	142.025	117.488	4.469	130.044	0.00250
geometric_n500_d10	rk1	0.20	32	139.531	112.644	3.741	134.412	0.00552
geometric_n500_d10	rk1	0.30	32	126.325	85.700	3.808	132.500	0.01308
geometric_n500_d10	rk1	0.40	32	114.988	83.594	2.842	183.456	0.03480
geometric_n500_d10	rk1	0.50	32	103.256	73.175	2.244	261.494	0.08657
geometric_n500_d10	rk1	0.60	32	106.431	94.269	4.018	435.531	0.21015
geometric_n500_d10	rk1	0.70	32	135.944	117.219	4.613	632.269	0.39108
geometric_n500_d10	rk1	0.80	32	158.681	145.713	6.153	772.969	0.54548
geometric_n500_d10	rk1	0.90	32	164.138	150.781	5.891	857.881	0.65486
geometric_n500_d10	rk1	1.00	32	164.594	147.469	5.011	911.069	0.73287
geometric_n500_d10	rk1	1.10	8	177.700	168.825	11.202	950.975	0.79006
geometric_n500_d10	rk1	1.20	8	168.950	164.150	6.241	968.200	0.83362
geometric_n500_d10	rk4	-1.00	8	187.475	178.650	12.014	179.650	0.00041
geometric_n500_d10	rk4	-0.90	8	180.050	176.675	7.890	177.175	0.00043
geometric_n500_d10	rk4	-0.80	8	160.250	160.100	11.414	161.850	0.00041
geometric_n500_d10	rk4	-0.70	8	154.600	151.550	8.526	151.550	0.00043
geometric_n500_d10	rk4	-0.60	8	150.625	145.800	13.418	146.175	0.00046
geometric_n500_d10	rk4	-0.50	8	136.325	125.950	14.965	126.075	0.00049
geometric_n500_d10	rk4	-0.40	8	122.800	117.650	6.579	117.900	0.00065
geometric_n500_d10	rk4	-0.30	8	146.725	134.575	6.277	134.675	0.00094
geometric_n500_d10	rk4	-0.20	8	149.325	132.025	10.190	132.050	0.00259
geometric_n500_d10	rk4	-0.10	8	153.000	126.800	11.728	127.425	0.00628
geometric_n500_d10	rk4	0.00	8	123.650	97.350	7.189	98.675	0.01298
geometric_n500_d10	rk4	0.10	8	122.425	96.425	4.300	100.275	0.02597
geometric_n500_d10	rk4	0.20	8	112.475	87.425	7.305	99.750	0.04741
geometric_n500_d10	rk4	0.30	8	99.150	67.950	5.764	100.525	0.07967
geometric_n500_d10	rk4	0.40	8	98.350	62.550	5.324	141.200	0.13515
geometric_n500_d10	rk4	0.50	8	89.800	57.100	2.951	245.550	0.22876
geometric_n500_d10	rk4	0.60	8	133.925	88.100	7.881	425.350	0.38067
geometric_n500_d10	rk4	0.70	8	145.075	129.450	9.666	628.250	0.54625
geometric_n500_d10	rk4	0.80	8	151.025	147.825	13.920	770.500	0.67053
geometric_n500_d10	rk4	0.90	8	142.825	131.075	16.448	860.950	0.75251
geometric_n500_d10	rk4	1.00	8	170.425	173.000	10.115	912.600	0.80951
geometric_n500_d10	rk4	1.10	8	174.675	168.725	14.749	946.325	0.85104
geometric_n500_d10	rk4	1.20	8	174.700	200.750	9.976	977.950	0.88149
geometric_n500_d10	nsm_rho1	-1.00	8	154.975	153.725	12.178	153.725	0.00704
geometric_n500_d10	nsm_rho1	-0.90	8	156.625	155.450	9.604	155.450	0.00623
geometric_n500_d10	nsm_rho1	-0.80	8	149.600	148.975	11.177	148.975	0.00770
geometric_n500_d10	nsm_rho1	-0.70	8	130.750	127.400	9.609	127.400	0.00874
geometric_n500_d10	nsm_rho1	-0.60	8	154.625	150.650	6.526	150.650	0.01181
geometric_n500_d10	nsm_rho1	-0.50	8	142.100	136.125	10.162	136.125	0.01253
geometric_n500_d10	nsm_rho1	-0.40	8	149.300	140.800	5.775	140.800	0.01585
geometric_n500_d10	nsm_rho1	-0.30	32	143.306	129.850	3.791	129.869	0.01936
geometric_n500_d10	nsm_rho1	-0.20	32	127.656	116.344	4.049	116.369	0.02391
geometric_n500_d10	nsm_rho1	-0.10	32	127.013	107.612	4.670	108.019	0.03248
geometric_n500_d10	nsm_rho1	0.00	32	116.363	97.444	4.712	99.331	0.04423
geometric_n500_d10	nsm_rho1	0.10	32	109.063	89.850	3.790	95.156	0.06217
geometric_n500_d10	nsm_rho1	0.20	32	102.838	73.000	3.465	86.500	0.08792
geometric_n500_d10	nsm_rho1	0.30	32	90.456	60.900	2.641	93.950	0.13051
geometric_n500_d10	nsm_rho1	0.40	32	83.400	55.388	2.258	138.894	0.20187
geometric_n500_d10	nsm_rho1	0.50	32	81.006	63.294	2.899	241.150	0.31219
geometric_n500_d10	nsm_rho1	0.60	32	104.125	90.181	3.827	409.181	0.46854
geometric_n500_d10	nsm_rho1	0.70	32	140.031	124.963	4.722	624.100	0.62224
geometric_n500_d10	nsm_rho1	0.80	32	154.544	155.825	4.565	772.656	0.72856
geometric_n500_d10	nsm_rho1	0.90	32	157.475	150.244	6.080	857.100	0.79751
geometric_n500_d10	nsm_rho1	1.00	32	158.112	162.588	6.054	912.569	0.84427
geometric_n500_d10	nsm_rho1	1.10	8	139.750	179.400	10.212	957.175	0.87762
geometric_n500_d10	nsm_rho1	1.20	8	171.500	166.250	15.080	972.925	0.90248
geometric_n500_d10	nsm_rho0.5	-1.00	8	159.600	151.850	8.200	151.850	0.00638
geometric_n500_d10	nsm_rho0.5	-0.90	8	148.775	143.375	8.591	143.375	0.00620
geometric_n500_d10	nsm_rho0.5	-0.80	8	139.675	137.875	9.887	137.875	0.00658
geometric_n500_d10	nsm_rho0.5	-0.70	8	135.600	131.125	6.796	131.125	0.00874
geometric_n500_d10	nsm_rho0.5	-0.60	8	156.450	152.125	15.853	152.125	0.01104
geometric_n500_d10	nsm_rho0.5	-0.50	8	135.450	130.525	5.087	130.525	0.01153
geometric_n500_d10	nsm_rho0.5	-0.40	8	134.875	131.625	9.756	131.625	0.01585
geometric_n500_d10	nsm_rho0.5	-0.30	8	149.750	131.975	7.986	131.975	0.01833
geometric_n500_d10	nsm_rho0.5	-0.20	8	128.900	109.125	5.441	109.125	0.02466
geometric_n500_d10	nsm_rho0.5	-0.10	8	119.325	100.525	8.100	100.775	0.03167
geometric_n500_d10	nsm_rho0.5	0.00	8	133.950	107.725	9.172	109.300	0.04557
geometric_n500_d10	nsm_rho0.5	0.10	8	99.725	89.850	9.014	93.975	0.05900
geometric_n500_d10	nsm_rho0.5	0.20	8	119.125	88.025	6.250	102.175	0.09191
geometric_n500_d10	nsm_rho0.5	0.30	8	76.175	58.175	5.614	90.675	0.12858
geometric_n500_d10	nsm_rho0.5	0.40	8	90.950	63.600	4.037	147.575	0.20455
geometric_n500_d10	nsm_rho0.5	0.50	8	89.725	57.150	3.113	242.400	0.30940
geometric_n500_d10	nsm_rho0.5	0.60	8	94.825	89.575	8.885	416.400	0.46567
geometric_n500_d10	nsm_rho0.5	0.70	8	117.825	118.150	9.159	617.800	0.62030
geometric_n500_d10	nsm_rho0.5	0.80	8	142.050	154.175	6.600	775.325	0.72729
geometric_n500_d10	nsm_rho0.5	0.90	8	155.825	153.675	14.106	846.250	0.79742
geometric_n500_d10	nsm_rho0.5	1.00	8	148.800	161.000	9.514	908.975	0.84431
geometric_n500_d10	nsm_rho0.5	1.10	8	173.250	191.825	12.350	947.775	0.87838
geometric_n500_d10	nsm_rho0.5	1.20	8	174.675	146.950	9.641	971.750	0.90316
geometric_n500_d10	nsm_erosion	-1.00	8	161.225	156.775	9.904	156.775	0.00572
geometric_n500_d10	nsm_erosion	-0.90	8	146.250	143.675	16.465	143.675	0.00638
geometric_n500_d10	nsm_erosion	-0.80	8	146.225	143.000	8.626	143.000	0.00863
geometric_n500_d10	nsm_erosion	-0.70	8	158.875	152.800	9.516	152.800	0.00812
geometric_n500_d10	nsm_erosion	-0.60	8	151.175	141.225	9.657	141.225	0.01011
geometric_n500_d10	nsm_erosion	-0.50	8	150.725	137.625	8.227	137.625	0.01192
geometric_n500_d10	nsm_erosion	-0.40	8	138.850	127.825	11.248	127.825	0.01594
geometric_n500_d10	nsm_erosion	-0.30	32	129.356	120.750	3.916	120.794	0.01816
geometric_n500_d10	nsm_erosion	-0.20	32	130.388	115.450	3.989	115.538	0.02395
geometric_n500_d10	nsm_erosion	-0.10	32	117.463	106.669	4.493	106.819	0.03056
geometric_n500_d10	nsm_erosion	0.00	32	108.425	94.056	3.606	95.469	0.04320
geometric_n500_d10	nsm_erosion	0.10	32	116.519	98.769	3.552	103.181	0.06197
geometric_n500_d10	nsm_erosion	0.20	32	97.987	72.488	3.174	85.912	0.08726
geometric_n500_d10	nsm_erosion	0.30	32	103.656	67.856	3.006	103.450	0.13243
geometric_n500_d10	nsm_erosion	0.40	32	72.175	56.781	2.103	138.431	0.19827
geometric_n500_d10	nsm_erosion	0.50	32	83.275	61.306	2.631	237.050	0.30902
geometric_n500_d10	nsm_erosion	0.60	32	98.413	91.813	3.832	418.400	0.46518
geometric_n500_d10	nsm_erosion	0.70	32	129.188	124.988	4.064	624.581	0.61854
geometric_n500_d10	nsm_erosion	0.80	32	158.350	140.725	4.569	763.050	0.72557
geometric_n500_d10	nsm_erosion	0.90	32	164.863	161.350	6.441	851.819	0.79562
geometric_n500_d10	nsm_erosion	1.00	32	171.575	163.244	6.225	909.181	0.84324
geometric_n500_d10	nsm_erosion	1.10	8	147.950	179.200	11.359	936.275	0.87755
geometric_n500_d10	nsm_erosion	1.20	8	179.175	161.250	11.079	968.800	0.90296
geometric_n500_d10	hk_tau0.5	-1.00	8	161.750	161.050	11.367	161.050	0.00243
geometric_n500_d10	hk_tau0.5	-0.90	8	135.250	134.725	10.862	134.725	0.00312
geometric_n500_d10	hk_tau0.5	-0.80	8	140.475	130.975	8.769	130.975	0.00413
geometric_n500_d10	hk_tau0.5	-0.70	8	122.400	119.275	6.800	119.275	0.00417
geometric_n500_d10	hk_tau0.5	-0.60	8	134.075	130.725	7.791	130.725	0.00581
geometric_n500_d10	hk_tau0.5	-0.50	8	131.300	121.600	9.222	121.600	0.00789
geometric_n500_d10	hk_tau0.5	-0.40	8	133.825	132.350	8.760	132.350	0.01120
geometric_n500_d10	hk_tau0.5	-0.30	32	129.550	122.356	4.969	122.356	0.01261
geometric_n500_d10	hk_tau0.5	-0.20	32	121.050	103.450	4.719	103.481	0.01689
geometric_n500_d10	hk_tau0.5	-0.10	32	119.894	104.794	3.357	104.813	0.02389
geometric_n500_d10	hk_tau0.5	0.00	32	106.287	91.888	4.061	92.138	0.03294
geometric_n500_d10	hk_tau0.5	0.10	32	107.156	84.019	3.923	85.825	0.04842
geometric_n500_d10	hk_tau0.5	0.20	32	89.756	71.531	4.021	76.175	0.06883
geometric_n500_d10	hk_tau0.5	0.30	32	77.694	59.212	3.204	78.075	0.10621
geometric_n500_d10	hk_tau0.5	0.40	32	71.181	50.175	2.268	109.969	0.17326
geometric_n500_d10	hk_tau0.5	0.50	32	74.869	55.462	2.181	215.719	0.29270
geometric_n500_d10	hk_tau0.5	0.60	32	91.281	81.275	3.468	420.588	0.47547
geometric_n500_d10	hk_tau0.5	0.70	32	137.650	130.263	6.786	655.112	0.64242
geometric_n500_d10	hk_tau0.5	0.80	32	145.900	144.844	6.158	794.262	0.74489
geometric_n500_d10	hk_tau0.5	0.90	32	159.800	152.019	7.272	869.387	0.80910
geometric_n500_d10	hk_tau0.5	1.00	32	162.456	153.481	7.400	926.581	0.85266
geometric_n500_d10	hk_tau0.5	1.10	8	163.675	171.950	7.543	957.025	0.88438
geometric_n500_d10	hk_tau0.5	1.20	8	155.550	163.400	18.908	976.525	0.90746
geometric_n500_d10	hk_tau2	-1.00	8	121.675	121.175	10.981	121.175	0.00202
geometric_n500_d10	hk_tau2	-0.90	8	123.450	118.025	10.056	118.025	0.00257
geometric_n500_d10	hk_tau2	-0.80	8	117.975	109.025	8.237	109.050	0.00334
geometric_n500_d10	hk_tau2	-0.70	8	129.000	118.225	10.048	118.225	0.00433
geometric_n500_d10	hk_tau2	-0.60	8	125.950	119.775	9.213	119.775	0.00498
geometric_n500_d10	hk_tau2	-0.50	8	121.700	117.000	7.084	117.000	0.00632
geometric_n500_d10	hk_tau2	-0.40	8	108.350	106.800	10.449	106.800	0.00870
geometric_n500_d10	hk_tau2	-0.30	32	96.794	88.300	3.441	88.325	0.01112
geometric_n500_d10	hk_tau2	-0.20	32	91.231	83.506	4.013	83.506	0.01367
geometric_n500_d10	hk_tau2	-0.10	32	90.625	78.062	4.086	78.144	0.01811
geometric_n500_d10	hk_tau2	0.00	32	86.662	70.206	2.784	70.212	0.02409
geometric_n500_d10	hk_tau2	0.10	32	76.769	65.744	3.863	66.025	0.03304
geometric_n500_d10	hk_tau2	0.20	32	65.262	53.981	2.848	54.956	0.04557
geometric_n500_d10	hk_tau2	0.30	32	64.781	45.862	2.229	53.681	0.07705
geometric_n500_d10	hk_tau2	0.40	32	52.531	40.006	1.300	79.925	0.13450
geometric_n500_d10	hk_tau2	0.50	32	51.819	45.800	1.292	198.981	0.26980
geometric_n500_d10	hk_tau2	0.60	32	86.581	67.900	3.119	477.812	0.52335
geometric_n500_d10	hk_tau2	0.70	32	128.719	114.931	4.290	729.456	0.69711
geometric_n500_d10	hk_tau2	0.80	32	150.338	132.119	4.376	844.769	0.78400
geometric_n500_d10	hk_tau2	0.90	32	156.713	148.194	6.550	915.037	0.83692
geometric_n500_d10	hk_tau2	1.00	32	153.750	152.525	5.247	948.856	0.87292
geometric_n500_d10	hk_tau2	1.10	8	155.850	156.200	13.903	966.550	0.89895
geometric_n500_d10	hk_tau2	1.20	8	164.375	158.675	5.498	991.550	0.91843
geometric_n500_d10	hk_sched	-1.00	8	102.550	100.825	6.852	100.850	0.00187
geometric_n500_d10	hk_sched	-0.90	8	89.425	88.275	8.769	88.275	0.00237
geometric_n500_d10	hk_sched	-0.80	8	86.800	85.450	11.664	85.450	0.00265
geometric_n500_d10	hk_sched	-0.70	8	94.875	93.400	8.454	93.400	0.00337
geometric_n500_d10	hk_sched	-0.60	8	84.925	83.400	6.482	83.400	0.00509
geometric_n500_d10	hk_sched	-0.50	8	84.450	81.925	6.110	81.925	0.00572
geometric_n500_d10	hk_sched	-0.40	8	75.050	73.375	3.536	73.375	0.00672
geometric_n500_d10	hk_sched	-0.30	32	74.562	72.769	4.569	72.769	0.01032
geometric_n500_d10	hk_sched	-0.20	32	77.450	75.925	3.760	75.925	0.01505
geometric_n500_d10	hk_sched	-0.10	32	76.200	73.794	3.536	73.819	0.02030
geometric_n500_d10	hk_sched	0.00	32	60.706	58.462	3.214	58.512	0.02758
geometric_n500_d10	hk_sched	0.10	32	61.675	59.550	3.204	60.106	0.04221
geometric_n500_d10	hk_sched	0.20	32	55.637	53.206	2.162	55.306	0.06326
geometric_n500_d10	hk_sched	0.30	32	47.287	43.537	1.938	55.269	0.10017
geometric_n500_d10	hk_sched	0.40	32	46.600	44.781	1.704	94.250	0.17175
geometric_n500_d10	hk_sched	0.50	32	49.350	48.719	1.750	218.812	0.29455
geometric_n500_d10	hk_sched	0.60	32	73.962	92.019	3.808	426.513	0.48716
geometric_n500_d10	hk_sched	0.70	32	123.756	130.419	5.904	639.250	0.64834
geometric_n500_d10	hk_sched	0.80	32	136.538	145.719	4.775	781.869	0.74804
geometric_n500_d10	hk_sched	0.90	32	146.350	157.838	5.811	866.844	0.81089
geometric_n500_d10	hk_sched	1.00	32	155.106	166.831	6.325	914.394	0.85391
geometric_n500_d10	hk_sched	1.10	8	153.150	177.425	7.477	950.200	0.88508
geometric_n500_d10	hk_sched	1.20	8	151.950	158.925	10.709	980.700	0.90819
geometric_n500_d20	none	-1.00	8	416.475	400.950	34.522	400.950	0.00208
geometric_n500_d20	none	-0.90	8	390.300	374.575	33.085	374.575	0.00244
geometric_n500_d20	none	-0.80	8	367.650	347.050	28.171	347.050	0.00173
geometric_n500_d20	none	-0.70	8	368.175	366.425	38.617	366.425	0.00258
geometric_n500_d20	none	-0.60	8	351.650	346.600	38.776	346.600	0.00363
geometric_n500_d20	none	-0.50	8	328.325	327.125	36.428	327.125	0.00368
geometric_n500_d20	none	-0.40	8	349.450	307.950	31.315	307.950	0.00449
geometric_n500_d20	none	-0.30	32	347.287	336.262	16.138	336.262	0.00713
geometric_n500_d20	none	-0.20	32	362.088	345.637	17.306	345.637	0.00994
geometric_n500_d20	none	-0.10	32	350.825	331.125	14.411	331.125	0.01333
geometric_n500_d20	none	0.00	32	329.556	309.575	14.870	309.575	0.01654
geometric_n500_d20	none	0.10	32	303.569	277.600	15.812	277.600	0.02208
geometric_n500_d20	none	0.20	32	293.794	254.731	13.904	254.819	0.02845
geometric_n500_d20	none	0.30	32	276.025	251.806	12.809	252.175	0.03774
geometric_n500_d20	none	0.40	32	238.169	197.906	8.547	201.700	0.05189
geometric_n500_d20	none	0.50	32	247.775	209.688	9.119	225.562	0.08028
geometric_n500_d20	none	0.60	32	219.056	182.413	9.921	234.150	0.11922
geometric_n500_d20	none	0.70	32	217.775	151.738	5.404	298.881	0.18723
geometric_n500_d20	none	0.80	32	191.619	156.144	3.775	521.381	0.31342
geometric_n500_d20	none	0.90	32	210.588	185.175	5.987	951.369	0.51549
geometric_n500_d20	none	1.00	32	260.531	241.000	9.797	1450.206	0.70783
geometric_n500_d20	none	1.10	8	413.075	318.700	12.702	1747.625	0.80459
geometric_n500_d20	none	1.20	8	383.075	371.050	32.244	1863.500	0.85787
geometric_n500_d20	rk1	-1.00	8	322.400	285.025	13.590	313.675	0.00046
geometric_n500_d20	rk1	-0.90	8	414.675	412.000	16.827	412.775	0.00042
geometric_n500_d20	rk1	-0.80	8	370.250	368.950	40.385	370.550	0.00043
geometric_n500_d20	rk1	-0.70	8	345.825	330.550	35.445	335.300	0.00045
geometric_n500_d20	rk1	-0.60	8	370.850	358.625	36.312	360.250	0.00046
geometric_n500_d20	rk1	-0.50	8	448.900	416.650	40.598	418.925	0.00048
geometric_n500_d20	rk1	-0.40	8	327.475	326.450	34.996	328.000	0.00049
geometric_n500_d20	rk1	-0.30	32	360.412	341.950	15.079	355.562	0.00052
geometric_n500_d20	rk1	-0.20	32	399.688	386.581	15.894	397.475	0.00056
geometric_n500_d20	rk1	-0.10	32	383.844	361.056	16.162	365.131	0.00059
geometric_n500_d20	rk1	0.00	32	376.062	345.881	16.100	350.331	0.00067
geometric_n500_d20	rk1	0.10	32	391.694	347.544	15.032	353.363	0.00081
geometric_n500_d20	rk1	0.20	32	361.644	342.519	14.710	350.256	0.00104
geometric_n500_d20	rk1	0.30	32	384.100	309.681	16.022	329.881	0.00154
geometric_n500_d20	rk1	0.40	32	318.331	265.750	15.346	286.731	0.00253
geometric_n500_d20	rk1	0.50	32	320.450	264.113	13.017	304.438	0.00564
geometric_n500_d20	rk1	0.60	32	315.138	238.088	11.263	329.094	0.01426
geometric_n500_d20	rk1	0.70	32	286.863	210.581	9.899	410.006	0.03724
geometric_n500_d20	rk1	0.80	32	231.563	156.506	4.775	570.931	0.09830
geometric_n500_d20	rk1	0.90	32	221.031	194.819	8.817	985.400	0.26759
geometric_n500_d20	rk1	1.00	32	307.988	279.563	15.189	1475.288	0.51890
geometric_n500_d20	rk1	1.10	8	313.325	252.950	25.807	1751.475	0.66970
geometric_n500_d20	rk1	1.20	8	388.425	320.725	33.791	1866.675	0.75771
geometric_n500_d20	rk4	-1.00	8	393.150	391.025	44.300	395.625	0.00040
geometric_n500_d20	rk4	-0.90	8	403.025	414.025	31.871	427.650	0.00040
geometric_n500_d20	rk4	-0.80	8	426.175	426.175	31.022	429.275	0.00040
geometric_n500_d20	rk4	-0.70	8	457.800	450.225	22.502	459.775	0.00042
geometric_n500_d20	rk4	-0.60	8	406.125	405.100	34.852	410.050	0.00043
geometric_n500_d20	rk4	-0.50	8	360.625	360.875	30.160	366.200	0.00043
geometric_n500_d20	rk4	-0.40	8	380.575	374.125	31.429	375.800	0.00046
geometric_n500_d20	rk4	-0.30	8	360.675	345.125	39.110	365.500	0.00051
geometric_n500_d20	rk4	-0.20	8	337.500	312.100	31.642	313.500	0.00053
geometric_n500_d20	rk4	-0.10	8	399.125	348.100	17.016	349.825	0.00075
geometric_n500_d20	rk4	0.00	8	364.675	318.575	27.308	319.175	0.00136
geometric_n500_d20	rk4	0.10	8	392.325	298.100	15.151	298.425	0.00324
geometric_n500_d20	rk4	0.20	8	257.925	234.100	28.906	234.575	0.00638
geometric_n500_d20	rk4	0.30	8	342.525	323.650	22.477	326.950	0.01658
geometric_n500_d20	rk4	0.40	8	233.800	190.050	16.933	194.050	0.02591
geometric_n500_d20	rk4	0.50	8	275.725	204.775	17.343	224.625	0.04938
geometric_n500_d20	rk4	0.60	8	248.525	208.000	16.419	271.975	0.08463
geometric_n500_d20	rk4	0.70	8	202.400	147.400	3.706	313.800	0.13760
geometric_n500_d20	rk4	0.80	8	215.925	166.325	7.968	547.550	0.24761
geometric_n500_d20	rk4	0.90	8	238.500	176.775	10.781	981.775	0.43782
geometric_n500_d20	rk4	1.00	8	302.300	243.375	19.985	1433.625	0.65083
geometric_n500_d20	rk4	1.10	8	330.950	302.100	31.230	1749.550	0.76440
geometric_n500_d20	rk4	1.20	8	355.925	303.875	28.953	1877.675	0.82775
geometric_n500_d20	nsm_rho1	-1.00	8	368.500	367.450	28.436	367.450	0.00550
geometric_n500_d20	nsm_rho1	-0.90	8	380.750	365.525	29.352	365.525	0.00577
geometric_n500_d20	nsm_rho1	-0.80	8	362.400	359.800	35.757	359.800	0.00612
geometric_n500_d20	nsm_rho1	-0.70	8	386.075	378.725	49.787	378.725	0.00586
geometric_n500_d20	nsm_rho1	-0.60	8	377.625	353.875	30.656	353.875	0.00736
geometric_n500_d20	nsm_rho1	-0.50	8	322.275	316.900	25.243	316.900	0.00801
geometric_n500_d20	nsm_rho1	-0.40	8	335.750	333.875	28.941	333.875	0.00981
geometric_n500_d20	nsm_rho1	-0.30	32	343.356	337.687	16.124	337.687	0.01127
geometric_n500_d20	nsm_rho1	-0.20	32	365.062	348.594	15.000	348.594	0.01428
geometric_n500_d20	nsm_rho1	-0.10	32	318.175	294.694	14.280	294.694	0.01631
geometric_n500_d20	nsm_rho1	0.00	32	292.244	272.494	12.686	272.525	0.01944
geometric_n500_d20	nsm_rho1	0.10	32	296.988	246.538	11.096	246.619	0.02397
geometric_n500_d20	nsm_rho1	0.20	32	281.556	264.200	12.340	264.731	0.03318
geometric_n500_d20	nsm_rho1	0.30	32	293.113	252.525	14.254	254.375	0.04354
geometric_n500_d20	nsm_rho1	0.40	32	244.794	223.200	9.588	229.594	0.05742
geometric_n500_d20	nsm_rho1	0.50	32	247.900	203.000	10.393	226.625	0.08433
geometric_n500_d20	nsm_rho1	0.60	32	237.119	191.119	8.874	254.838	0.12423
geometric_n500_d20	nsm_rho1	0.70	32	207.606	150.675	5.276	313.263	0.19122
geometric_n500_d20	nsm_rho1	0.80	32	178.919	149.688	2.607	524.656	0.31561
geometric_n500_d20	nsm_rho1	0.90	32	218.256	193.938	5.945	968.894	0.51778
geometric_n500_d20	nsm_rho1	1.00	32	292.606	266.875	12.356	1458.213	0.71026
geometric_n500_d20	nsm_rho1	1.10	8	348.100	353.425	49.001	1753.375	0.80617
geometric_n500_d20	nsm_rho1	1.20	8	393.250	362.650	14.822	1874.300	0.85897
geometric_n500_d20	nsm_rho0.5	-1.00	8	308.725	308.600	25.182	308.600	0.00484
geometric_n500_d20	nsm_rho0.5	-0.90	8	406.000	401.425	43.131	401.425	0.00465
geometric_n500_d20	nsm_rho0.5	-0.80	8	379.425	364.850	43.998	364.850	0.00627
geometric_n500_d20	nsm_rho0.5	-0.70	8	425.200	419.550	22.175	419.550	0.00673
geometric_n500_d20	nsm_rho0.5	-0.60	8	322.375	311.375	21.338	311.375	0.00692
geometric_n500_d20	nsm_rho0.5	-0.50	8	377.725	377.725	17.401	377.725	0.00804
geometric_n500_d20	nsm_rho0.5	-0.40	8	319.150	271.950	26.887	271.950	0.00868
geometric_n500_d20	nsm_rho0.5	-0.30	8	308.750	294.875	31.438	294.875	0.01057
geometric_n500_d20	nsm_rho0.5	-0.20	8	334.750	323.975	18.507	323.975	0.01322
geometric_n500_d20	nsm_rho0.5	-0.10	8	326.950	323.950	43.929	323.950	0.01580
geometric_n500_d20	nsm_rho0.5	0.00	8	336.175	259.525	22.554	259.525	0.01979
geometric_n500_d20	nsm_rho0.5	0.10	8	323.625	295.950	20.065	296.075	0.02660
geometric_n500_d20	nsm_rho0.5	0.20	8	294.750	275.950	27.898	276.575	0.03229
geometric_n500_d20	nsm_rho0.5	0.30	8	278.250	245.375	22.603	247.575	0.04279
geometric_n500_d20	nsm_rho0.5	0.40	8	232.375	231.325	16.341	239.175	0.05717
geometric_n500_d20	nsm_rho0.5	0.50	8	236.175	182.650	19.506	205.200	0.08097
geometric_n500_d20	nsm_rho0.5	0.60	8	201.475	183.975	21.103	244.000	0.12034
geometric_n500_d20	nsm_rho0.5	0.70	8	199.600	141.175	1.668	301.150	0.18925
geometric_n500_d20	nsm_rho0.5	0.80	8	221.025	147.925	4.077	539.075	0.31437
geometric_n500_d20	nsm_rho0.5	0.90	8	234.175	189.275	6.629	953.425	0.51530
geometric_n500_d20	nsm_rho0.5	1.00	8	287.675	274.850	26.250	1413.800	0.70728
geometric_n500_d20	nsm_rho0.5	1.10	8	295.200	347.125	27.475	1730.025	0.80492
geometric_n500_d20	nsm_rho0.5	1.20	8	356.650	376.950	44.464	1869.450	0.85868
geometric_n500_d20	nsm_erosion	-1.00	8	377.375	376.450	27.936	376.450	0.00594
geometric_n500_d20	nsm_erosion	-0.90	8	358.575	349.975	43.238	349.975	0.00504
geometric_n500_d20	nsm_erosion	-0.80	8	488.250	454.400	42.347	454.400	0.00608
geometric_n500_d20	nsm_erosion	-0.70	8	371.600	371.000	27.145	371.000	0.00598
geometric_n500_d20	nsm_erosion	-0.60	8	356.000	326.425	12.035	326.425	0.00703
geometric_n500_d20	nsm_erosion	-0.50	8	338.650	320.475	35.097	320.475	0.00743
geometric_n500_d20	nsm_erosion	-0.40	8	413.700	361.350	18.246	361.350	0.01007
geometric_n500_d20	nsm_erosion	-0.30	32	366.125	339.394	16.398	339.394	0.01119
geometric_n500_d20	nsm_erosion	-0.20	32	335.650	316.094	16.099	316.094	0.01341
geometric_n500_d20	nsm_erosion	-0.10	32	304.681	275.694	12.674	275.694	0.01498
geometric_n500_d20	nsm_erosion	0.00	32	324.369	303.031	14.880	303.031	0.02082
geometric_n500_d20	nsm_erosion	0.10	32	305.556	286.156	12.968	286.181	0.02545
geometric_n500_d20	nsm_erosion	0.20	32	281.525	261.575	10.803	261.881	0.03241
geometric_n500_d20	nsm_erosion	0.30	32	267.119	236.375	12.163	238.531	0.04271
geometric_n500_d20	nsm_erosion	0.40	32	252.688	230.400	9.452	238.013	0.05946
geometric_n500_d20	nsm_erosion	0.50	32	230.900	186.356	9.324	206.650	0.07932
geometric_n500_d20	nsm_erosion	0.60	32	220.019	184.213	9.482	244.394	0.12165
geometric_n500_d20	nsm_erosion	0.70	32	188.463	146.356	4.149	304.212	0.18635
geometric_n500_d20	nsm_erosion	0.80	32	195.863	146.319	1.829	522.938	0.31456
geometric_n500_d20	nsm_erosion	0.90	32	205.113	188.263	6.721	946.337	0.51084
geometric_n500_d20	nsm_erosion	1.00	32	289.306	271.706	13.822	1423.006	0.70233
geometric_n500_d20	nsm_erosion	1.10	8	322.125	298.375	20.777	1737.025	0.80088
geometric_n500_d20	nsm_erosion	1.20	8	330.625	361.425	33.850	1873.925	0.85593
geometric_n500_d20	hk_tau0.5	-1.00	8	368.775	338.150	36.160	338.150	0.00133
geometric_n500_d20	hk_tau0.5	-0.90	8	349.800	344.950	38.214	344.950	0.00180
geometric_n500_d20	hk_tau0.5	-0.80	8	366.300	365.125	25.931	365.125	0.00222
geometric_n500_d20	hk_tau0.5	-0.70	8	365.075	355.925	26.078	355.925	0.00263
geometric_n500_d20	hk_tau0.5	-0.60	8	345.500	334.300	30.677	334.300	0.00390
geometric_n500_d20	hk_tau0.5	-0.50	8	326.925	315.150	32.208	315.150	0.00459
geometric_n500_d20	hk_tau0.5	-0.40	8	299.975	298.875	22.266	298.875	0.00418
geometric_n500_d20	hk_tau0.5	-0.30	32	309.444	288.969	17.917	288.969	0.00653
geometric_n500_d20	hk_tau0.5	-0.20	32	302.350	289.650	16.880	289.650	0.00871
geometric_n500_d20	hk_tau0.5	-0.10	32	304.937	274.675	14.993	274.675	0.01080
geometric_n500_d20	hk_tau0.5	0.00	32	313.806	298.494	16.142	298.494	0.01534
geometric_n500_d20	hk_tau0.5	0.10	32	294.912	272.463	15.101	272.531	0.01910
geometric_n500_d20	hk_tau0.5	0.20	32	250.638	242.863	11.548	242.869	0.02412
geometric_n500_d20	hk_tau0.5	0.30	32	233.319	208.194	10.860	208.463	0.03228
geometric_n500_d20	hk_tau0.5	0.40	32	229.525	202.044	10.437	203.475	0.04583
geometric_n500_d20	hk_tau0.5	0.50	32	254.925	215.006	9.967	227.963	0.07319
geometric_n500_d20	hk_tau0.5	0.60	32	199.444	171.475	6.203	208.494	0.10331
geometric_n500_d20	hk_tau0.5	0.70	32	174.194	141.775	0.840	269.344	0.16612
geometric_n500_d20	hk_tau0.5	0.80	32	166.206	146.956	2.544	505.369	0.29946
geometric_n500_d20	hk_tau0.5	0.90	32	198.500	182.288	6.338	991.137	0.53402
geometric_n500_d20	hk_tau0.5	1.00	32	270.144	266.556	11.835	1529.850	0.73596
geometric_n500_d20	hk_tau0.5	1.10	8	357.225	293.875	28.454	1805.500	0.82105
geometric_n500_d20	hk_tau0.5	1.20	8	341.725	372.900	29.144	1904.100	0.86863
geometric_n500_d20	hk_tau2	-1.00	8	282.025	282.025	27.090	282.375	0.00112
geometric_n500_d20	hk_tau2	-0.90	8	255.125	255.050	27.906	255.100	0.00187
geometric_n500_d20	hk_tau2	-0.80	8	312.125	292.300	12.466	292.300	0.00184
geometric_n500_d20	hk_tau2	-0.70	8	251.550	251.000	16.820	251.050	0.00226
geometric_n500_d20	hk_tau2	-0.60	8	261.800	256.675	30.492	256.675	0.00213
geometric_n500_d20	hk_tau2	-0.50	8	256.150	255.850	27.312	255.850	0.00439
geometric_n500_d20	hk_tau2	-0.40	8	294.850	268.375	32.482	268.375	0.00557
geometric_n500_d20	hk_tau2	-0.30	32	271.494	260.956	13.287	260.956	0.00682
geometric_n500_d20	hk_tau2	-0.20	32	246.931	239.806	10.403	239.806	0.00739
geometric_n500_d20	hk_tau2	-0.10	32	250.281	239.125	12.127	239.125	0.01064
geometric_n500_d20	hk_tau2	0.00	32	246.438	226.119	11.425	226.119	0.01380
geometric_n500_d20	hk_tau2	0.10	32	232.025	206.288	11.778	206.306	0.01617
geometric_n500_d20	hk_tau2	0.20	32	242.306	214.013	11.011	214.013	0.02190
geometric_n500_d20	hk_tau2	0.30	32	209.088	196.106	9.522	196.331	0.02681
geometric_n500_d20	hk_tau2	0.40	32	207.106	176.869	6.927	177.475	0.03664
geometric_n500_d20	hk_tau2	0.50	32	191.106	180.938	6.963	186.844	0.05644
geometric_n500_d20	hk_tau2	0.60	32	182.231	146.425	3.185	169.075	0.08533
geometric_n500_d20	hk_tau2	0.70	32	155.788	139.719	0.318	250.113	0.15043
geometric_n500_d20	hk_tau2	0.80	32	145.906	143.663	1.249	510.850	0.29526
geometric_n500_d20	hk_tau2	0.90	32	202.369	181.469	6.547	1135.081	0.60811
geometric_n500_d20	hk_tau2	1.00	32	298.075	258.569	13.441	1673.000	0.78987
geometric_n500_d20	hk_tau2	1.10	8	358.625	311.900	28.733	1861.100	0.85464
geometric_n500_d20	hk_tau2	1.20	8	385.250	279.425	14.184	1953.025	0.89161
geometric_n500_d20	hk_sched	-1.00	8	232.500	232.375	17.914	232.375	0.00110
geometric_n500_d20	hk_sched	-0.90	8	242.450	241.875	22.191	242.025	0.00201
geometric_n500_d20	hk_sched	-0.80	8	224.000	223.400	27.760	223.400	0.00166
geometric_n500_d20	hk_sched	-0.70	8	237.700	235.525	14.532	235.525	0.00215
geometric_n500_d20	hk_sched	-0.60	8	199.025	197.750	18.451	197.750	0.00260
geometric_n500_d20	hk_sched	-0.50	8	222.400	222.075	21.700	222.075	0.00387
geometric_n500_d20	hk_sched	-0.40	8	227.425	227.175	24.933	227.175	0.00526
geometric_n500_d20	hk_sched	-0.30	32	207.475	205.763	12.116	205.763	0.00567
geometric_n500_d20	hk_sched	-0.20	32	225.075	223.662	11.708	223.662	0.00728
geometric_n500_d20	hk_sched	-0.10	32	221.838	221.306	9.112	221.306	0.00901
geometric_n500_d20	hk_sched	0.00	32	204.144	200.981	9.655	201.013	0.01162
geometric_n500_d20	hk_sched	0.10	32	195.894	193.988	9.804	194.050	0.01485
geometric_n500_d20	hk_sched	0.20	32	192.219	191.569	8.499	191.569	0.02114
geometric_n500_d20	hk_sched	0.30	32	191.838	186.456	10.083	186.631	0.02941
geometric_n500_d20	hk_sched	0.40	32	167.944	164.275	6.159	165.588	0.04046
geometric_n500_d20	hk_sched	0.50	32	166.763	162.006	5.956	167.594	0.06340
geometric_n500_d20	hk_sched	0.60	32	150.581	148.031	3.430	181.037	0.09893
geometric_n500_d20	hk_sched	0.70	32	140.719	140.969	0.821	271.281	0.16934
geometric_n500_d20	hk_sched	0.80	32	147.019	148.606	2.785	513.137	0.30745
geometric_n500_d20	hk_sched	0.90	32	195.225	176.794	6.706	971.869	0.54820
geometric_n500_d20	hk_sched	1.00	32	273.550	276.706	11.101	1493.075	0.73883
geometric_n500_d20	hk_sched	1.10	8	273.675	320.500	34.531	1732.825	0.82352
geometric_n500_d20	hk_sched	1.20	8	335.700	349.500	34.249	1895.750	0.87045
